huali/cuguang112/cg (1).bmp	0
huali/cuguang112/cg (10).bmp	0
huali/cuguang112/cg (11).bmp	0
huali/cuguang112/cg (12).bmp	0
huali/cuguang112/cg (13).bmp	0
huali/cuguang112/cg (14).bmp	0
huali/cuguang112/cg (15).bmp	0
huali/cuguang112/cg (16).bmp	0
huali/cuguang112/cg (17).bmp	0
huali/cuguang112/cg (18).bmp	0
huali/cuguang112/cg (19).bmp	0
huali/cuguang112/cg (2).bmp	0
huali/cuguang112/cg (23).bmp	0
huali/cuguang112/cg (24).bmp	0
huali/cuguang112/cg (25).bmp	0
huali/cuguang112/cg (26).bmp	0
huali/cuguang112/cg (27).bmp	0
huali/cuguang112/cg (28).bmp	0
huali/cuguang112/cg (29).bmp	0
huali/cuguang112/cg (3).bmp	0
huali/cuguang112/cg (33).bmp	0
huali/cuguang112/cg (34).bmp	0
huali/cuguang112/cg (35).bmp	0
huali/cuguang112/cg (36).bmp	0
huali/cuguang112/cg (37).bmp	0
huali/cuguang112/cg (38).bmp	0
huali/cuguang112/cg (39).bmp	0
huali/cuguang112/cg (40).bmp	0
huali/cuguang112/cg (41).bmp	0
huali/cuguang112/cg (42).bmp	0
huali/cuguang112/cg (43).bmp	0
huali/cuguang112/cg (5).bmp	0
huali/cuguang112/cg (52).bmp	0
huali/cuguang112/cg (53).bmp	0
huali/cuguang112/cg (54).bmp	0
huali/cuguang112/cg (55).bmp	0
huali/cuguang112/cg (57).bmp	0
huali/cuguang112/cg (58).bmp	0
huali/cuguang112/cg (60).bmp	0
huali/cuguang112/cg (61).bmp	0
huali/cuguang112/cg (7).bmp	0
huali/cuguang112/cg (8).bmp	0
huali/cuguang112/cg (9).bmp	0
huali/cuguang112/hh (1).bmp	0
huali/cuguang112/hh (10).bmp	0
huali/cuguang112/hh (11).bmp	0
huali/cuguang112/hh (12).bmp	0
huali/cuguang112/hh (13).bmp	0
huali/cuguang112/hh (14).bmp	0
huali/cuguang112/hh (15).bmp	0
huali/cuguang112/hh (151).bmp	0
huali/cuguang112/hh (152).bmp	0
huali/cuguang112/hh (153).bmp	0
huali/cuguang112/hh (154).bmp	0
huali/cuguang112/hh (155).bmp	0
huali/cuguang112/hh (156).bmp	0
huali/cuguang112/hh (157).bmp	0
huali/cuguang112/hh (16).bmp	0
huali/cuguang112/hh (17).bmp	0
huali/cuguang112/hh (170).bmp	0
huali/cuguang112/hh (171).bmp	0
huali/cuguang112/hh (18).bmp	0
huali/cuguang112/hh (2).bmp	0
huali/cuguang112/hh (24).bmp	0
huali/cuguang112/hh (25).bmp	0
huali/cuguang112/hh (26).bmp	0
huali/cuguang112/hh (29).bmp	0
huali/cuguang112/hh (3).bmp	0
huali/cuguang112/hh (30).bmp	0
huali/cuguang112/hh (4).bmp	0
huali/cuguang112/hh (47).bmp	0
huali/cuguang112/hh (48).bmp	0
huali/cuguang112/hh (49).bmp	0
huali/cuguang112/hh (5).bmp	0
huali/cuguang112/hh (50).bmp	0
huali/cuguang112/hh (51).bmp	0
huali/cuguang112/hh (52).bmp	0
huali/cuguang112/hh (53).bmp	0
huali/cuguang112/hh (6).bmp	0
huali/cuguang112/hh (62).bmp	0
huali/cuguang112/hh (63).bmp	0
huali/cuguang112/hh (64).bmp	0
huali/cuguang112/hh (65).bmp	0
huali/cuguang112/hh (73).bmp	0
huali/cuguang112/hh (74).bmp	0
huali/cuguang112/hh (75).bmp	0
huali/cuguang112/hh (76).bmp	0
huali/cuguang112/hh (77).bmp	0
huali/cuguang112/hh (78).bmp	0
huali/cuguang112/hh (79).bmp	0
huali/cuguang112/hh (80).bmp	0
huali/cuguang112/hh (81).bmp	0
huali/cuguang112/hh (82).bmp	0
huali/cuguang112/hh (83).bmp	0
huali/cuguang112/hh (84).bmp	0
huali/cuguang112/hh (85).bmp	0
huali/cuguang112/hh (86).bmp	0
huali/cuguang112/hh (87).bmp	0
huali/cuguang112/hh (88).bmp	0
huali/cuguang112/hh (9).bmp	0
huali/cuguang112/hh (90).bmp	0
huali/cuguang112/hh (91).bmp	0
huali/cuguang112/hh (92).bmp	0
huali/keai109/keai (1).bmp	1
huali/keai109/keai (10).bmp	1
huali/keai109/keai (11).bmp	1
huali/keai109/keai (12).bmp	1
huali/keai109/keai (14).bmp	1
huali/keai109/keai (15).bmp	1
huali/keai109/keai (16).bmp	1
huali/keai109/keai (17).bmp	1
huali/keai109/keai (18).bmp	1
huali/keai109/keai (19).bmp	1
huali/keai109/keai (2).bmp	1
huali/keai109/keai (20).bmp	1
huali/keai109/keai (21).bmp	1
huali/keai109/keai (22).bmp	1
huali/keai109/keai (23).bmp	1
huali/keai109/keai (24).bmp	1
huali/keai109/keai (25).bmp	1
huali/keai109/keai (26).bmp	1
huali/keai109/keai (27).bmp	1
huali/keai109/keai (28).bmp	1
huali/keai109/keai (29).bmp	1
huali/keai109/keai (3).bmp	1
huali/keai109/keai (30).bmp	1
huali/keai109/keai (31).bmp	1
huali/keai109/keai (32).bmp	1
huali/keai109/keai (33).bmp	1
huali/keai109/keai (34).bmp	1
huali/keai109/keai (35).bmp	1
huali/keai109/keai (36).bmp	1
huali/keai109/keai (37).bmp	1
huali/keai109/keai (38).bmp	1
huali/keai109/keai (39).bmp	1
huali/keai109/keai (4).bmp	1
huali/keai109/keai (40).bmp	1
huali/keai109/keai (41).bmp	1
huali/keai109/keai (42).bmp	1
huali/keai109/keai (43).bmp	1
huali/keai109/keai (44).bmp	1
huali/keai109/keai (45).bmp	1
huali/keai109/keai (47).bmp	1
huali/keai109/keai (48).bmp	1
huali/keai109/keai (49).bmp	1
huali/keai109/keai (5).bmp	1
huali/keai109/keai (50).bmp	1
huali/keai109/keai (51).bmp	1
huali/keai109/keai (6).bmp	1
huali/keai109/keai (7).bmp	1
huali/keai109/keai (8).bmp	1
huali/keai109/keai (9).bmp	1
huali/keai109/lm (1).bmp	1
huali/keai109/lm (10).bmp	1
huali/keai109/lm (11).bmp	1
huali/keai109/lm (12).bmp	1
huali/keai109/lm (15).bmp	1
huali/keai109/lm (16).bmp	1
huali/keai109/lm (17).bmp	1
huali/keai109/lm (18).bmp	1
huali/keai109/lm (19).bmp	1
huali/keai109/lm (2).bmp	1
huali/keai109/lm (20).bmp	1
huali/keai109/lm (21).bmp	1
huali/keai109/lm (22).bmp	1
huali/keai109/lm (23).bmp	1
huali/keai109/lm (24).bmp	1
huali/keai109/lm (25).bmp	1
huali/keai109/lm (26).bmp	1
huali/keai109/lm (27).bmp	1
huali/keai109/lm (3).bmp	1
huali/keai109/lm (31).bmp	1
huali/keai109/lm (32).bmp	1
huali/keai109/lm (33).bmp	1
huali/keai109/lm (34).bmp	1
huali/keai109/lm (35).bmp	1
huali/keai109/lm (36).bmp	1
huali/keai109/lm (37).bmp	1
huali/keai109/lm (38).bmp	1
huali/keai109/lm (39).bmp	1
huali/keai109/lm (4).bmp	1
huali/keai109/lm (40).bmp	1
huali/keai109/lm (41).bmp	1
huali/keai109/lm (49).bmp	1
huali/keai109/lm (5).bmp	1
huali/keai109/lm (57).bmp	1
huali/keai109/lm (58).bmp	1
huali/keai109/lm (59).bmp	1
huali/keai109/lm (6).bmp	1
huali/keai109/lm (60).bmp	1
huali/keai109/lm (61).bmp	1
huali/keai109/lm (62).bmp	1
huali/keai109/lm (68).bmp	1
huali/keai109/lm (69).bmp	1
huali/keai109/lm (7).bmp	1
huali/keai109/lm (70).bmp	1
huali/keai109/lm (71).bmp	1
huali/keai109/lm (72).bmp	1
huali/keai109/lm (73).bmp	1
huali/keai109/lm (8).bmp	1
huali/keai109/lm (9).bmp	1
huali/keai109/xs (1).bmp	1
huali/keai109/xs (18).bmp	1
huali/keai109/xs (2).bmp	1
huali/keai109/xs (22).bmp	1
huali/keai109/xs (23).bmp	1
huali/keai109/xs (24).bmp	1
huali/keai109/xs (3).bmp	1
huali/keai109/xs (32).bmp	1
huali/keai109/xs (4).bmp	1
huali/keai109/xs (48).bmp	1
huali/keai109/xs (5).bmp	1
huali/keai109/xs (8).bmp	1
huali/keai109/xs (80).bmp	1
huali/keai109/xs (81).bmp	1
huali/keai109/xs (82).bmp	1
huali/keai109/xs (83).bmp	1
huali/keai109/xs (84).bmp	1
qinshuang/qinshuang102/lxs (1).bmp	2
qinshuang/qinshuang102/lxs (10).bmp	2
qinshuang/qinshuang102/lxs (11).bmp	2
qinshuang/qinshuang102/lxs (12).bmp	2
qinshuang/qinshuang102/lxs (13).bmp	2
qinshuang/qinshuang102/lxs (14).bmp	2
qinshuang/qinshuang102/lxs (15).bmp	2
qinshuang/qinshuang102/lxs (16).bmp	2
qinshuang/qinshuang102/lxs (17).bmp	2
qinshuang/qinshuang102/lxs (18).bmp	2
qinshuang/qinshuang102/lxs (19).bmp	2
qinshuang/qinshuang102/lxs (2).bmp	2
qinshuang/qinshuang102/lxs (20).bmp	2
qinshuang/qinshuang102/lxs (21).bmp	2
qinshuang/qinshuang102/lxs (22).bmp	2
qinshuang/qinshuang102/lxs (23).bmp	2
qinshuang/qinshuang102/lxs (24).bmp	2
qinshuang/qinshuang102/lxs (3).bmp	2
qinshuang/qinshuang102/lxs (4).bmp	2
qinshuang/qinshuang102/lxs (5).bmp	2
qinshuang/qinshuang102/lxs (6).bmp	2
qinshuang/qinshuang102/lxs (7).bmp	2
qinshuang/qinshuang102/lxs (8).bmp	2
qinshuang/qinshuang102/lxs (9).bmp	2
qinshuang/qinshuang102/qs (1).bmp	2
qinshuang/qinshuang102/qs (10).bmp	2
qinshuang/qinshuang102/qs (11).bmp	2
qinshuang/qinshuang102/qs (12).bmp	2
qinshuang/qinshuang102/qs (13).bmp	2
qinshuang/qinshuang102/qs (14).bmp	2
qinshuang/qinshuang102/qs (15).bmp	2
qinshuang/qinshuang102/qs (16).bmp	2
qinshuang/qinshuang102/qs (17).bmp	2
qinshuang/qinshuang102/qs (18).bmp	2
qinshuang/qinshuang102/qs (19).bmp	2
qinshuang/qinshuang102/qs (2).bmp	2
qinshuang/qinshuang102/qs (20).bmp	2
qinshuang/qinshuang102/qs (21).bmp	2
qinshuang/qinshuang102/qs (22).bmp	2
qinshuang/qinshuang102/qs (23).bmp	2
qinshuang/qinshuang102/qs (24).bmp	2
qinshuang/qinshuang102/qs (25).bmp	2
qinshuang/qinshuang102/qs (26).bmp	2
qinshuang/qinshuang102/qs (27).bmp	2
qinshuang/qinshuang102/qs (28).bmp	2
qinshuang/qinshuang102/qs (29).bmp	2
qinshuang/qinshuang102/qs (3).bmp	2
qinshuang/qinshuang102/qs (30).bmp	2
qinshuang/qinshuang102/qs (31).bmp	2
qinshuang/qinshuang102/qs (32).bmp	2
qinshuang/qinshuang102/qs (33).bmp	2
qinshuang/qinshuang102/qs (34).bmp	2
qinshuang/qinshuang102/qs (35).bmp	2
qinshuang/qinshuang102/qs (36).bmp	2
qinshuang/qinshuang102/qs (37).bmp	2
qinshuang/qinshuang102/qs (38).bmp	2
qinshuang/qinshuang102/qs (39).bmp	2
qinshuang/qinshuang102/qs (4).bmp	2
qinshuang/qinshuang102/qs (40).bmp	2
qinshuang/qinshuang102/qs (41).bmp	2
qinshuang/qinshuang102/qs (42).bmp	2
qinshuang/qinshuang102/qs (43).bmp	2
qinshuang/qinshuang102/qs (44).bmp	2
qinshuang/qinshuang102/qs (45).bmp	2
qinshuang/qinshuang102/qs (46).bmp	2
qinshuang/qinshuang102/qs (47).bmp	2
qinshuang/qinshuang102/qs (48).bmp	2
qinshuang/qinshuang102/qs (49).bmp	2
qinshuang/qinshuang102/qs (5).bmp	2
qinshuang/qinshuang102/qs (50).bmp	2
qinshuang/qinshuang102/qs (51).bmp	2
qinshuang/qinshuang102/qs (52).bmp	2
qinshuang/qinshuang102/qs (53).bmp	2
qinshuang/qinshuang102/qs (54).bmp	2
qinshuang/qinshuang102/qs (55).bmp	2
qinshuang/qinshuang102/qs (56).bmp	2
qinshuang/qinshuang102/qs (57).bmp	2
qinshuang/qinshuang102/qs (58).bmp	2
qinshuang/qinshuang102/qs (59).bmp	2
qinshuang/qinshuang102/qs (6).bmp	2
qinshuang/qinshuang102/qs (60).bmp	2
qinshuang/qinshuang102/qs (61).bmp	2
qinshuang/qinshuang102/qs (62).bmp	2
qinshuang/qinshuang102/qs (63).bmp	2
qinshuang/qinshuang102/qs (64).bmp	2
qinshuang/qinshuang102/qs (65).bmp	2
qinshuang/qinshuang102/qs (66).bmp	2
qinshuang/qinshuang102/qs (67).bmp	2
qinshuang/qinshuang102/qs (68).bmp	2
qinshuang/qinshuang102/qs (69).bmp	2
qinshuang/qinshuang102/qs (7).bmp	2
qinshuang/qinshuang102/qs (70).bmp	2
qinshuang/qinshuang102/qs (71).bmp	2
qinshuang/qinshuang102/qs (72).bmp	2
qinshuang/qinshuang102/qs (73).bmp	2
qinshuang/qinshuang102/qs (74).bmp	2
qinshuang/qinshuang102/qs (75).bmp	2
qinshuang/qinshuang102/qs (76).bmp	2
qinshuang/qinshuang102/qs (77).bmp	2
qinshuang/qinshuang102/qs (78).bmp	2
qinshuang/qinshuang102/qs (8).bmp	2
qinshuang/qinshuang102/qs (9).bmp	2
qinshuang/xiandai105/xd (100).bmp	3
qinshuang/xiandai105/xd (101).bmp	3
qinshuang/xiandai105/xd (102).bmp	3
qinshuang/xiandai105/xd (103).bmp	3
qinshuang/xiandai105/xd (104).bmp	3
qinshuang/xiandai105/xd (105).bmp	3
qinshuang/xiandai105/xd (106).bmp	3
qinshuang/xiandai105/xd (110).bmp	3
qinshuang/xiandai105/xd (111).bmp	3
qinshuang/xiandai105/xd (112).bmp	3
qinshuang/xiandai105/xd (113).bmp	3
qinshuang/xiandai105/xd (114).bmp	3
qinshuang/xiandai105/xd (115).bmp	3
qinshuang/xiandai105/xd (116).bmp	3
qinshuang/xiandai105/xd (117).bmp	3
qinshuang/xiandai105/xd (118).bmp	3
qinshuang/xiandai105/xd (119).bmp	3
qinshuang/xiandai105/xd (120).bmp	3
qinshuang/xiandai105/xd (121).bmp	3
qinshuang/xiandai105/xd (13).bmp	3
qinshuang/xiandai105/xd (14).bmp	3
qinshuang/xiandai105/xd (15).bmp	3
qinshuang/xiandai105/xd (16).bmp	3
qinshuang/xiandai105/xd (17).bmp	3
qinshuang/xiandai105/xd (18).bmp	3
qinshuang/xiandai105/xd (19).bmp	3
qinshuang/xiandai105/xd (20).bmp	3
qinshuang/xiandai105/xd (21).bmp	3
qinshuang/xiandai105/xd (22).bmp	3
qinshuang/xiandai105/xd (23).bmp	3
qinshuang/xiandai105/xd (24).bmp	3
qinshuang/xiandai105/xd (25).bmp	3
qinshuang/xiandai105/xd (26).bmp	3
qinshuang/xiandai105/xd (27).bmp	3
qinshuang/xiandai105/xd (28).bmp	3
qinshuang/xiandai105/xd (29).bmp	3
qinshuang/xiandai105/xd (30).bmp	3
qinshuang/xiandai105/xd (31).bmp	3
qinshuang/xiandai105/xd (32).bmp	3
qinshuang/xiandai105/xd (33).bmp	3
qinshuang/xiandai105/xd (34).bmp	3
qinshuang/xiandai105/xd (35).bmp	3
qinshuang/xiandai105/xd (36).bmp	3
qinshuang/xiandai105/xd (37).bmp	3
qinshuang/xiandai105/xd (38).bmp	3
qinshuang/xiandai105/xd (39).bmp	3
qinshuang/xiandai105/xd (40).bmp	3
qinshuang/xiandai105/xd (41).bmp	3
qinshuang/xiandai105/xd (42).bmp	3
qinshuang/xiandai105/xd (43).bmp	3
qinshuang/xiandai105/xd (44).bmp	3
qinshuang/xiandai105/xd (45).bmp	3
qinshuang/xiandai105/xd (46).bmp	3
qinshuang/xiandai105/xd (47).bmp	3
qinshuang/xiandai105/xd (48).bmp	3
qinshuang/xiandai105/xd (49).bmp	3
qinshuang/xiandai105/xd (50).bmp	3
qinshuang/xiandai105/xd (51).bmp	3
qinshuang/xiandai105/xd (53).bmp	3
qinshuang/xiandai105/xd (54).bmp	3
qinshuang/xiandai105/xd (55).bmp	3
qinshuang/xiandai105/xd (56).bmp	3
qinshuang/xiandai105/xd (57).bmp	3
qinshuang/xiandai105/xd (58).bmp	3
qinshuang/xiandai105/xd (59).bmp	3
qinshuang/xiandai105/xd (60).bmp	3
qinshuang/xiandai105/xd (61).bmp	3
qinshuang/xiandai105/xd (62).bmp	3
qinshuang/xiandai105/xd (63).bmp	3
qinshuang/xiandai105/xd (64).bmp	3
qinshuang/xiandai105/xd (65).bmp	3
qinshuang/xiandai105/xd (66).bmp	3
qinshuang/xiandai105/xd (67).bmp	3
qinshuang/xiandai105/xd (68).bmp	3
qinshuang/xiandai105/xd (69).bmp	3
qinshuang/xiandai105/xd (70).bmp	3
qinshuang/xiandai105/xd (71).bmp	3
qinshuang/xiandai105/xd (72).bmp	3
qinshuang/xiandai105/xd (73).bmp	3
qinshuang/xiandai105/xd (74).bmp	3
qinshuang/xiandai105/xd (75).bmp	3
qinshuang/xiandai105/xd (76).bmp	3
qinshuang/xiandai105/xd (77).bmp	3
qinshuang/xiandai105/xd (78).bmp	3
qinshuang/xiandai105/xd (79).bmp	3
qinshuang/xiandai105/xd (80).bmp	3
qinshuang/xiandai105/xd (81).bmp	3
qinshuang/xiandai105/xd (82).bmp	3
qinshuang/xiandai105/xd (83).bmp	3
qinshuang/xiandai105/xd (84).bmp	3
qinshuang/xiandai105/xd (85).bmp	3
qinshuang/xiandai105/xd (86).bmp	3
qinshuang/xiandai105/xd (87).bmp	3
qinshuang/xiandai105/xd (88).bmp	3
qinshuang/xiandai105/xd (89).bmp	3
qinshuang/xiandai105/xd (90).bmp	3
qinshuang/xiandai105/xd (91).bmp	3
qinshuang/xiandai105/xd (92).bmp	3
qinshuang/xiandai105/xd (93).bmp	3
qinshuang/xiandai105/xd (94).bmp	3
qinshuang/xiandai105/xd (95).bmp	3
qinshuang/xiandai105/xd (96).bmp	3
qinshuang/xiandai105/xd (97).bmp	3
qinshuang/xiandai105/xd (98).bmp	3
qinshuang/xiandai105/xd (99).bmp	3
wenzhong/gudian112/gd (1).bmp	4
wenzhong/gudian112/gd (10).bmp	4
wenzhong/gudian112/gd (11).bmp	4
wenzhong/gudian112/gd (12).bmp	4
wenzhong/gudian112/gd (16).bmp	4
wenzhong/gudian112/gd (17).bmp	4
wenzhong/gudian112/gd (18).bmp	4
wenzhong/gudian112/gd (2).bmp	4
wenzhong/gudian112/gd (20).bmp	4
wenzhong/gudian112/gd (21).bmp	4
wenzhong/gudian112/gd (22).bmp	4
wenzhong/gudian112/gd (23).bmp	4
wenzhong/gudian112/gd (24).bmp	4
wenzhong/gudian112/gd (25).bmp	4
wenzhong/gudian112/gd (26).bmp	4
wenzhong/gudian112/gd (27).bmp	4
wenzhong/gudian112/gd (28).bmp	4
wenzhong/gudian112/gd (29).bmp	4
wenzhong/gudian112/gd (3).bmp	4
wenzhong/gudian112/gd (30).bmp	4
wenzhong/gudian112/gd (31).bmp	4
wenzhong/gudian112/gd (32).bmp	4
wenzhong/gudian112/gd (33).bmp	4
wenzhong/gudian112/gd (34).bmp	4
wenzhong/gudian112/gd (35).bmp	4
wenzhong/gudian112/gd (36).bmp	4
wenzhong/gudian112/gd (37).bmp	4
wenzhong/gudian112/gd (38).bmp	4
wenzhong/gudian112/gd (39).bmp	4
wenzhong/gudian112/gd (4).bmp	4
wenzhong/gudian112/gd (40).bmp	4
wenzhong/gudian112/gd (42).bmp	4
wenzhong/gudian112/gd (43).bmp	4
wenzhong/gudian112/gd (5).bmp	4
wenzhong/gudian112/gd (52).bmp	4
wenzhong/gudian112/gd (53).bmp	4
wenzhong/gudian112/gd (54).bmp	4
wenzhong/gudian112/gd (56).bmp	4
wenzhong/gudian112/gd (58).bmp	4
wenzhong/gudian112/gd (7).bmp	4
wenzhong/gudian112/gd (8).bmp	4
wenzhong/gudian112/gd (84).bmp	4
wenzhong/gudian112/gd (9).bmp	4
wenzhong/gudian112/gdkj (10).bmp	4
wenzhong/gudian112/gdkj (11).bmp	4
wenzhong/gudian112/gdkj (12).bmp	4
wenzhong/gudian112/gdkj (13).bmp	4
wenzhong/gudian112/gdkj (14).bmp	4
wenzhong/gudian112/gdkj (15).bmp	4
wenzhong/gudian112/gdkj (16).bmp	4
wenzhong/gudian112/gdkj (17).bmp	4
wenzhong/gudian112/gdkj (18).bmp	4
wenzhong/gudian112/gdkj (19).bmp	4
wenzhong/gudian112/gdkj (20).bmp	4
wenzhong/gudian112/gdkj (21).bmp	4
wenzhong/gudian112/gdkj (22).bmp	4
wenzhong/gudian112/gdkj (23).bmp	4
wenzhong/gudian112/gdkj (24).bmp	4
wenzhong/gudian112/gdkj (25).bmp	4
wenzhong/gudian112/gdkj (26).bmp	4
wenzhong/gudian112/gdkj (27).bmp	4
wenzhong/gudian112/gdkj (29).bmp	4
wenzhong/gudian112/gdkj (30).bmp	4
wenzhong/gudian112/gdkj (31).bmp	4
wenzhong/gudian112/gdkj (32).bmp	4
wenzhong/gudian112/gdkj (35).bmp	4
wenzhong/gudian112/gdkj (36).bmp	4
wenzhong/gudian112/gdkj (37).bmp	4
wenzhong/gudian112/gdkj (40).bmp	4
wenzhong/gudian112/gdkj (41).bmp	4
wenzhong/gudian112/gdkj (42).bmp	4
wenzhong/gudian112/gdkj (43).bmp	4
wenzhong/gudian112/gdkj (44).bmp	4
wenzhong/gudian112/gdkj (45).bmp	4
wenzhong/gudian112/gdkj (46).bmp	4
wenzhong/gudian112/gdkj (47).bmp	4
wenzhong/gudian112/gdkj (48).bmp	4
wenzhong/gudian112/gdkj (49).bmp	4
wenzhong/gudian112/gdkj (5).bmp	4
wenzhong/gudian112/gdkj (52).bmp	4
wenzhong/gudian112/gdkj (53).bmp	4
wenzhong/gudian112/gdkj (54).bmp	4
wenzhong/gudian112/gdkj (55).bmp	4
wenzhong/gudian112/gdkj (57).bmp	4
wenzhong/gudian112/gdkj (8).bmp	4
wenzhong/gudian112/gdkj (9).bmp	4
wenzhong/gudian112/kj (1).bmp	4
wenzhong/gudian112/kj (10).bmp	4
wenzhong/gudian112/kj (11).bmp	4
wenzhong/gudian112/kj (13).bmp	4
wenzhong/gudian112/kj (14).bmp	4
wenzhong/gudian112/kj (15).bmp	4
wenzhong/gudian112/kj (23).bmp	4
wenzhong/gudian112/kj (28).bmp	4
wenzhong/gudian112/kj (29).bmp	4
wenzhong/gudian112/kj (30).bmp	4
wenzhong/gudian112/kj (31).bmp	4
wenzhong/gudian112/kj (32).bmp	4
wenzhong/gudian112/kj (33).bmp	4
wenzhong/gudian112/kj (34).bmp	4
wenzhong/gudian112/kj (35).bmp	4
wenzhong/gudian112/kj (36).bmp	4
wenzhong/gudian112/kj (37).bmp	4
wenzhong/gudian112/kj (38).bmp	4
wenzhong/gudian112/kj (39).bmp	4
wenzhong/gudian112/kj (40).bmp	4
wenzhong/gudian112/kj (48).bmp	4
wenzhong/gudian112/kj (49).bmp	4
wenzhong/gudian112/kj (52).bmp	4
wenzhong/gudian112/kj (54).bmp	4
wenzhong/gudian112/kj (56).bmp	4
wenzhong/gudian112/kj (57).bmp	4
wenzhong/gudian112/kj (58).bmp	4
wenzhong/gudian112/kj (59).bmp	4
wenzhong/gudian112/kj (60).bmp	4
wenzhong/gudian112/kj (61).bmp	4
wenzhong/gudian112/kj (63).bmp	4
wenzhong/gudian112/kj (64).bmp	4
wenzhong/gudian112/kj (65).bmp	4
wenzhong/jingzhi107/yz (1).bmp	5
wenzhong/jingzhi107/yz (10).bmp	5
wenzhong/jingzhi107/yz (100).bmp	5
wenzhong/jingzhi107/yz (101).bmp	5
wenzhong/jingzhi107/yz (102).bmp	5
wenzhong/jingzhi107/yz (103).bmp	5
wenzhong/jingzhi107/yz (104).bmp	5
wenzhong/jingzhi107/yz (106).bmp	5
wenzhong/jingzhi107/yz (11).bmp	5
wenzhong/jingzhi107/yz (114).bmp	5
wenzhong/jingzhi107/yz (115).bmp	5
wenzhong/jingzhi107/yz (116).bmp	5
wenzhong/jingzhi107/yz (117).bmp	5
wenzhong/jingzhi107/yz (118).bmp	5
wenzhong/jingzhi107/yz (12).bmp	5
wenzhong/jingzhi107/yz (120).bmp	5
wenzhong/jingzhi107/yz (121).bmp	5
wenzhong/jingzhi107/yz (122).bmp	5
wenzhong/jingzhi107/yz (123).bmp	5
wenzhong/jingzhi107/yz (124).bmp	5
wenzhong/jingzhi107/yz (13).bmp	5
wenzhong/jingzhi107/yz (138).bmp	5
wenzhong/jingzhi107/yz (139).bmp	5
wenzhong/jingzhi107/yz (14).bmp	5
wenzhong/jingzhi107/yz (140).bmp	5
wenzhong/jingzhi107/yz (141).bmp	5
wenzhong/jingzhi107/yz (142).bmp	5
wenzhong/jingzhi107/yz (15).bmp	5
wenzhong/jingzhi107/yz (16).bmp	5
wenzhong/jingzhi107/yz (17).bmp	5
wenzhong/jingzhi107/yz (18).bmp	5
wenzhong/jingzhi107/yz (19).bmp	5
wenzhong/jingzhi107/yz (2).bmp	5
wenzhong/jingzhi107/yz (20).bmp	5
wenzhong/jingzhi107/yz (21).bmp	5
wenzhong/jingzhi107/yz (22).bmp	5
wenzhong/jingzhi107/yz (23).bmp	5
wenzhong/jingzhi107/yz (24).bmp	5
wenzhong/jingzhi107/yz (25).bmp	5
wenzhong/jingzhi107/yz (26).bmp	5
wenzhong/jingzhi107/yz (27).bmp	5
wenzhong/jingzhi107/yz (28).bmp	5
wenzhong/jingzhi107/yz (29).bmp	5
wenzhong/jingzhi107/yz (3).bmp	5
wenzhong/jingzhi107/yz (30).bmp	5
wenzhong/jingzhi107/yz (31).bmp	5
wenzhong/jingzhi107/yz (32).bmp	5
wenzhong/jingzhi107/yz (33).bmp	5
wenzhong/jingzhi107/yz (34).bmp	5
wenzhong/jingzhi107/yz (35).bmp	5
wenzhong/jingzhi107/yz (36).bmp	5
wenzhong/jingzhi107/yz (37).bmp	5
wenzhong/jingzhi107/yz (38).bmp	5
wenzhong/jingzhi107/yz (39).bmp	5
wenzhong/jingzhi107/yz (4).bmp	5
wenzhong/jingzhi107/yz (40).bmp	5
wenzhong/jingzhi107/yz (41).bmp	5
wenzhong/jingzhi107/yz (42).bmp	5
wenzhong/jingzhi107/yz (43).bmp	5
wenzhong/jingzhi107/yz (44).bmp	5
wenzhong/jingzhi107/yz (45).bmp	5
wenzhong/jingzhi107/yz (46).bmp	5
wenzhong/jingzhi107/yz (47).bmp	5
wenzhong/jingzhi107/yz (5).bmp	5
wenzhong/jingzhi107/yz (50).bmp	5
wenzhong/jingzhi107/yz (51).bmp	5
wenzhong/jingzhi107/yz (52).bmp	5
wenzhong/jingzhi107/yz (53).bmp	5
wenzhong/jingzhi107/yz (55).bmp	5
wenzhong/jingzhi107/yz (56).bmp	5
wenzhong/jingzhi107/yz (57).bmp	5
wenzhong/jingzhi107/yz (6).bmp	5
wenzhong/jingzhi107/yz (60).bmp	5
wenzhong/jingzhi107/yz (61).bmp	5
wenzhong/jingzhi107/yz (62).bmp	5
wenzhong/jingzhi107/yz (63).bmp	5
wenzhong/jingzhi107/yz (64).bmp	5
wenzhong/jingzhi107/yz (65).bmp	5
wenzhong/jingzhi107/yz (66).bmp	5
wenzhong/jingzhi107/yz (67).bmp	5
wenzhong/jingzhi107/yz (68).bmp	5
wenzhong/jingzhi107/yz (69).bmp	5
wenzhong/jingzhi107/yz (7).bmp	5
wenzhong/jingzhi107/yz (71).bmp	5
wenzhong/jingzhi107/yz (72).bmp	5
wenzhong/jingzhi107/yz (73).bmp	5
wenzhong/jingzhi107/yz (74).bmp	5
wenzhong/jingzhi107/yz (75).bmp	5
wenzhong/jingzhi107/yz (79).bmp	5
wenzhong/jingzhi107/yz (8).bmp	5
wenzhong/jingzhi107/yz (80).bmp	5
wenzhong/jingzhi107/yz (81).bmp	5
wenzhong/jingzhi107/yz (82).bmp	5
wenzhong/jingzhi107/yz (83).bmp	5
wenzhong/jingzhi107/yz (84).bmp	5
wenzhong/jingzhi107/yz (85).bmp	5
wenzhong/jingzhi107/yz (86).bmp	5
wenzhong/jingzhi107/yz (87).bmp	5
wenzhong/jingzhi107/yz (88).bmp	5
wenzhong/jingzhi107/yz (89).bmp	5
wenzhong/jingzhi107/yz (9).bmp	5
wenzhong/jingzhi107/yz (91).bmp	5
wenzhong/jingzhi107/yz (92).bmp	5
wenzhong/jingzhi107/yz (93).bmp	5
wenzhong/jingzhi107/yz (94).bmp	5
wenzhong/jingzhi107/yz (96).bmp	5
wenzhong/jingzhi107/yz (99).bmp	5
