huali/cuguang/cg (1).bmp	0
huali/cuguang/cg (10).bmp	0
huali/cuguang/cg (11).bmp	0
huali/cuguang/cg (12).bmp	0
huali/cuguang/cg (13).bmp	0
huali/cuguang/cg (14).bmp	0
huali/cuguang/cg (15).bmp	0
huali/cuguang/cg (16).bmp	0
huali/cuguang/cg (17).bmp	0
huali/cuguang/cg (18).bmp	0
huali/cuguang/cg (19).bmp	0
huali/cuguang/cg (2).bmp	0
huali/cuguang/cg (20).bmp	0
huali/cuguang/cg (21).bmp	0
huali/cuguang/cg (22).bmp	0
huali/cuguang/cg (23).bmp	0
huali/cuguang/cg (24).bmp	0
huali/cuguang/cg (25).bmp	0
huali/cuguang/cg (26).bmp	0
huali/cuguang/cg (27).bmp	0
huali/cuguang/cg (28).bmp	0
huali/cuguang/cg (29).bmp	0
huali/cuguang/cg (3).bmp	0
huali/cuguang/cg (30).bmp	0
huali/cuguang/cg (31).bmp	0
huali/cuguang/cg (32).bmp	0
huali/cuguang/cg (33).bmp	0
huali/cuguang/cg (34).bmp	0
huali/cuguang/cg (35).bmp	0
huali/cuguang/cg (36).bmp	0
huali/cuguang/cg (37).bmp	0
huali/cuguang/cg (38).bmp	0
huali/cuguang/cg (39).bmp	0
huali/cuguang/cg (4).bmp	0
huali/cuguang/cg (40).bmp	0
huali/cuguang/cg (41).bmp	0
huali/cuguang/cg (42).bmp	0
huali/cuguang/cg (43).bmp	0
huali/cuguang/cg (44).bmp	0
huali/cuguang/cg (45).bmp	0
huali/cuguang/cg (46).bmp	0
huali/cuguang/cg (47).bmp	0
huali/cuguang/cg (48).bmp	0
huali/cuguang/cg (49).bmp	0
huali/cuguang/cg (5).bmp	0
huali/cuguang/cg (50).bmp	0
huali/cuguang/cg (51).bmp	0
huali/cuguang/cg (52).bmp	0
huali/cuguang/cg (53).bmp	0
huali/cuguang/cg (54).bmp	0
huali/cuguang/cg (55).bmp	0
huali/cuguang/cg (56).bmp	0
huali/cuguang/cg (57).bmp	0
huali/cuguang/cg (58).bmp	0
huali/cuguang/cg (59).bmp	0
huali/cuguang/cg (6).bmp	0
huali/cuguang/cg (60).bmp	0
huali/cuguang/cg (61).bmp	0
huali/cuguang/cg (7).bmp	0
huali/cuguang/cg (8).bmp	0
huali/cuguang/cg (9).bmp	0
huali/dg/dg (1).bmp	1
huali/dg/dg (10).bmp	1
huali/dg/dg (100).bmp	1
huali/dg/dg (101).bmp	1
huali/dg/dg (102).bmp	1
huali/dg/dg (103).bmp	1
huali/dg/dg (104).bmp	1
huali/dg/dg (105).bmp	1
huali/dg/dg (106).bmp	1
huali/dg/dg (107).bmp	1
huali/dg/dg (108).bmp	1
huali/dg/dg (109).bmp	1
huali/dg/dg (11).bmp	1
huali/dg/dg (110).bmp	1
huali/dg/dg (111).bmp	1
huali/dg/dg (112).bmp	1
huali/dg/dg (113).bmp	1
huali/dg/dg (114).bmp	1
huali/dg/dg (115).bmp	1
huali/dg/dg (116).bmp	1
huali/dg/dg (117).bmp	1
huali/dg/dg (118).bmp	1
huali/dg/dg (119).bmp	1
huali/dg/dg (12).bmp	1
huali/dg/dg (120).bmp	1
huali/dg/dg (121).bmp	1
huali/dg/dg (122).bmp	1
huali/dg/dg (123).bmp	1
huali/dg/dg (124).bmp	1
huali/dg/dg (125).bmp	1
huali/dg/dg (126).bmp	1
huali/dg/dg (127).bmp	1
huali/dg/dg (128).bmp	1
huali/dg/dg (129).bmp	1
huali/dg/dg (13).bmp	1
huali/dg/dg (14).bmp	1
huali/dg/dg (15).bmp	1
huali/dg/dg (16).bmp	1
huali/dg/dg (17).bmp	1
huali/dg/dg (18).bmp	1
huali/dg/dg (19).bmp	1
huali/dg/dg (2).bmp	1
huali/dg/dg (20).bmp	1
huali/dg/dg (21).bmp	1
huali/dg/dg (22).bmp	1
huali/dg/dg (23).bmp	1
huali/dg/dg (24).bmp	1
huali/dg/dg (25).bmp	1
huali/dg/dg (26).bmp	1
huali/dg/dg (27).bmp	1
huali/dg/dg (28).bmp	1
huali/dg/dg (29).bmp	1
huali/dg/dg (3).bmp	1
huali/dg/dg (30).bmp	1
huali/dg/dg (31).bmp	1
huali/dg/dg (32).bmp	1
huali/dg/dg (33).bmp	1
huali/dg/dg (34).bmp	1
huali/dg/dg (35).bmp	1
huali/dg/dg (36).bmp	1
huali/dg/dg (37).bmp	1
huali/dg/dg (38).bmp	1
huali/dg/dg (39).bmp	1
huali/dg/dg (4).bmp	1
huali/dg/dg (40).bmp	1
huali/dg/dg (41).bmp	1
huali/dg/dg (42).bmp	1
huali/dg/dg (43).bmp	1
huali/dg/dg (44).bmp	1
huali/dg/dg (45).bmp	1
huali/dg/dg (46).bmp	1
huali/dg/dg (47).bmp	1
huali/dg/dg (48).bmp	1
huali/dg/dg (49).bmp	1
huali/dg/dg (5).bmp	1
huali/dg/dg (50).bmp	1
huali/dg/dg (51).bmp	1
huali/dg/dg (52).bmp	1
huali/dg/dg (53).bmp	1
huali/dg/dg (54).bmp	1
huali/dg/dg (55).bmp	1
huali/dg/dg (56).bmp	1
huali/dg/dg (57).bmp	1
huali/dg/dg (58).bmp	1
huali/dg/dg (59).bmp	1
huali/dg/dg (6).bmp	1
huali/dg/dg (60).bmp	1
huali/dg/dg (61).bmp	1
huali/dg/dg (62).bmp	1
huali/dg/dg (63).bmp	1
huali/dg/dg (64).bmp	1
huali/dg/dg (65).bmp	1
huali/dg/dg (66).bmp	1
huali/dg/dg (67).bmp	1
huali/dg/dg (68).bmp	1
huali/dg/dg (69).bmp	1
huali/dg/dg (7).bmp	1
huali/dg/dg (70).bmp	1
huali/dg/dg (71).bmp	1
huali/dg/dg (72).bmp	1
huali/dg/dg (73).bmp	1
huali/dg/dg (74).bmp	1
huali/dg/dg (75).bmp	1
huali/dg/dg (76).bmp	1
huali/dg/dg (77).bmp	1
huali/dg/dg (78).bmp	1
huali/dg/dg (79).bmp	1
huali/dg/dg (8).bmp	1
huali/dg/dg (80).bmp	1
huali/dg/dg (81).bmp	1
huali/dg/dg (82).bmp	1
huali/dg/dg (83).bmp	1
huali/dg/dg (84).bmp	1
huali/dg/dg (85).bmp	1
huali/dg/dg (86).bmp	1
huali/dg/dg (87).bmp	1
huali/dg/dg (88).bmp	1
huali/dg/dg (89).bmp	1
huali/dg/dg (9).bmp	1
huali/dg/dg (90).bmp	1
huali/dg/dg (91).bmp	1
huali/dg/dg (92).bmp	1
huali/dg/dg (93).bmp	1
huali/dg/dg (94).bmp	1
huali/dg/dg (95).bmp	1
huali/dg/dg (96).bmp	1
huali/dg/dg (97).bmp	1
huali/dg/dg (98).bmp	1
huali/dg/dg (99).bmp	1
huali/hh/hh (1).bmp	2
huali/hh/hh (10).bmp	2
huali/hh/hh (100).bmp	2
huali/hh/hh (101).bmp	2
huali/hh/hh (102).bmp	2
huali/hh/hh (103).bmp	2
huali/hh/hh (104).bmp	2
huali/hh/hh (105).bmp	2
huali/hh/hh (106).bmp	2
huali/hh/hh (107).bmp	2
huali/hh/hh (108).bmp	2
huali/hh/hh (109).bmp	2
huali/hh/hh (11).bmp	2
huali/hh/hh (110).bmp	2
huali/hh/hh (111).bmp	2
huali/hh/hh (112).bmp	2
huali/hh/hh (113).bmp	2
huali/hh/hh (114).bmp	2
huali/hh/hh (115).bmp	2
huali/hh/hh (116).bmp	2
huali/hh/hh (117).bmp	2
huali/hh/hh (118).bmp	2
huali/hh/hh (119).bmp	2
huali/hh/hh (12).bmp	2
huali/hh/hh (120).bmp	2
huali/hh/hh (121).bmp	2
huali/hh/hh (122).bmp	2
huali/hh/hh (123).bmp	2
huali/hh/hh (124).bmp	2
huali/hh/hh (125).bmp	2
huali/hh/hh (126).bmp	2
huali/hh/hh (127).bmp	2
huali/hh/hh (128).bmp	2
huali/hh/hh (129).bmp	2
huali/hh/hh (13).bmp	2
huali/hh/hh (130).bmp	2
huali/hh/hh (131).bmp	2
huali/hh/hh (132).bmp	2
huali/hh/hh (133).bmp	2
huali/hh/hh (134).bmp	2
huali/hh/hh (135).bmp	2
huali/hh/hh (136).bmp	2
huali/hh/hh (137).bmp	2
huali/hh/hh (138).bmp	2
huali/hh/hh (139).bmp	2
huali/hh/hh (14).bmp	2
huali/hh/hh (140).bmp	2
huali/hh/hh (141).bmp	2
huali/hh/hh (142).bmp	2
huali/hh/hh (143).bmp	2
huali/hh/hh (144).bmp	2
huali/hh/hh (145).bmp	2
huali/hh/hh (146).bmp	2
huali/hh/hh (147).bmp	2
huali/hh/hh (148).bmp	2
huali/hh/hh (149).bmp	2
huali/hh/hh (15).bmp	2
huali/hh/hh (150).bmp	2
huali/hh/hh (151).bmp	2
huali/hh/hh (152).bmp	2
huali/hh/hh (153).bmp	2
huali/hh/hh (154).bmp	2
huali/hh/hh (155).bmp	2
huali/hh/hh (156).bmp	2
huali/hh/hh (157).bmp	2
huali/hh/hh (158).bmp	2
huali/hh/hh (159).bmp	2
huali/hh/hh (16).bmp	2
huali/hh/hh (160).bmp	2
huali/hh/hh (161).bmp	2
huali/hh/hh (162).bmp	2
huali/hh/hh (163).bmp	2
huali/hh/hh (164).bmp	2
huali/hh/hh (165).bmp	2
huali/hh/hh (166).bmp	2
huali/hh/hh (167).bmp	2
huali/hh/hh (168).bmp	2
huali/hh/hh (169).bmp	2
huali/hh/hh (17).bmp	2
huali/hh/hh (170).bmp	2
huali/hh/hh (171).bmp	2
huali/hh/hh (172).bmp	2
huali/hh/hh (173).bmp	2
huali/hh/hh (18).bmp	2
huali/hh/hh (19).bmp	2
huali/hh/hh (2).bmp	2
huali/hh/hh (20).bmp	2
huali/hh/hh (21).bmp	2
huali/hh/hh (22).bmp	2
huali/hh/hh (23).bmp	2
huali/hh/hh (24).bmp	2
huali/hh/hh (25).bmp	2
huali/hh/hh (26).bmp	2
huali/hh/hh (27).bmp	2
huali/hh/hh (28).bmp	2
huali/hh/hh (29).bmp	2
huali/hh/hh (3).bmp	2
huali/hh/hh (30).bmp	2
huali/hh/hh (31).bmp	2
huali/hh/hh (32).bmp	2
huali/hh/hh (33).bmp	2
huali/hh/hh (34).bmp	2
huali/hh/hh (35).bmp	2
huali/hh/hh (36).bmp	2
huali/hh/hh (37).bmp	2
huali/hh/hh (38).bmp	2
huali/hh/hh (39).bmp	2
huali/hh/hh (4).bmp	2
huali/hh/hh (40).bmp	2
huali/hh/hh (41).bmp	2
huali/hh/hh (42).bmp	2
huali/hh/hh (43).bmp	2
huali/hh/hh (44).bmp	2
huali/hh/hh (45).bmp	2
huali/hh/hh (46).bmp	2
huali/hh/hh (47).bmp	2
huali/hh/hh (48).bmp	2
huali/hh/hh (49).bmp	2
huali/hh/hh (5).bmp	2
huali/hh/hh (50).bmp	2
huali/hh/hh (51).bmp	2
huali/hh/hh (52).bmp	2
huali/hh/hh (53).bmp	2
huali/hh/hh (54).bmp	2
huali/hh/hh (55).bmp	2
huali/hh/hh (56).bmp	2
huali/hh/hh (57).bmp	2
huali/hh/hh (58).bmp	2
huali/hh/hh (59).bmp	2
huali/hh/hh (6).bmp	2
huali/hh/hh (60).bmp	2
huali/hh/hh (61).bmp	2
huali/hh/hh (62).bmp	2
huali/hh/hh (63).bmp	2
huali/hh/hh (64).bmp	2
huali/hh/hh (65).bmp	2
huali/hh/hh (66).bmp	2
huali/hh/hh (67).bmp	2
huali/hh/hh (68).bmp	2
huali/hh/hh (69).bmp	2
huali/hh/hh (7).bmp	2
huali/hh/hh (70).bmp	2
huali/hh/hh (71).bmp	2
huali/hh/hh (72).bmp	2
huali/hh/hh (73).bmp	2
huali/hh/hh (74).bmp	2
huali/hh/hh (75).bmp	2
huali/hh/hh (76).bmp	2
huali/hh/hh (77).bmp	2
huali/hh/hh (78).bmp	2
huali/hh/hh (79).bmp	2
huali/hh/hh (8).bmp	2
huali/hh/hh (80).bmp	2
huali/hh/hh (81).bmp	2
huali/hh/hh (82).bmp	2
huali/hh/hh (83).bmp	2
huali/hh/hh (84).bmp	2
huali/hh/hh (85).bmp	2
huali/hh/hh (86).bmp	2
huali/hh/hh (87).bmp	2
huali/hh/hh (88).bmp	2
huali/hh/hh (89).bmp	2
huali/hh/hh (9).bmp	2
huali/hh/hh (90).bmp	2
huali/hh/hh (91).bmp	2
huali/hh/hh (92).bmp	2
huali/hh/hh (93).bmp	2
huali/hh/hh (94).bmp	2
huali/hh/hh (95).bmp	2
huali/hh/hh (96).bmp	2
huali/hh/hh (97).bmp	2
huali/hh/hh (98).bmp	2
huali/hh/hh (99).bmp	2
huali/keai/keai (1).bmp	3
huali/keai/keai (10).bmp	3
huali/keai/keai (11).bmp	3
huali/keai/keai (12).bmp	3
huali/keai/keai (13).bmp	3
huali/keai/keai (14).bmp	3
huali/keai/keai (15).bmp	3
huali/keai/keai (16).bmp	3
huali/keai/keai (17).bmp	3
huali/keai/keai (18).bmp	3
huali/keai/keai (19).bmp	3
huali/keai/keai (2).bmp	3
huali/keai/keai (20).bmp	3
huali/keai/keai (21).bmp	3
huali/keai/keai (22).bmp	3
huali/keai/keai (23).bmp	3
huali/keai/keai (24).bmp	3
huali/keai/keai (25).bmp	3
huali/keai/keai (26).bmp	3
huali/keai/keai (27).bmp	3
huali/keai/keai (28).bmp	3
huali/keai/keai (29).bmp	3
huali/keai/keai (3).bmp	3
huali/keai/keai (30).bmp	3
huali/keai/keai (31).bmp	3
huali/keai/keai (32).bmp	3
huali/keai/keai (33).bmp	3
huali/keai/keai (34).bmp	3
huali/keai/keai (35).bmp	3
huali/keai/keai (36).bmp	3
huali/keai/keai (37).bmp	3
huali/keai/keai (38).bmp	3
huali/keai/keai (39).bmp	3
huali/keai/keai (4).bmp	3
huali/keai/keai (40).bmp	3
huali/keai/keai (41).bmp	3
huali/keai/keai (42).bmp	3
huali/keai/keai (43).bmp	3
huali/keai/keai (44).bmp	3
huali/keai/keai (45).bmp	3
huali/keai/keai (46).bmp	3
huali/keai/keai (47).bmp	3
huali/keai/keai (48).bmp	3
huali/keai/keai (49).bmp	3
huali/keai/keai (5).bmp	3
huali/keai/keai (50).bmp	3
huali/keai/keai (51).bmp	3
huali/keai/keai (6).bmp	3
huali/keai/keai (7).bmp	3
huali/keai/keai (8).bmp	3
huali/keai/keai (9).bmp	3
huali/xs/xs (1).bmp	4
huali/xs/xs (10).bmp	4
huali/xs/xs (100).bmp	4
huali/xs/xs (101).bmp	4
huali/xs/xs (102).bmp	4
huali/xs/xs (103).bmp	4
huali/xs/xs (104).bmp	4
huali/xs/xs (105).bmp	4
huali/xs/xs (106).bmp	4
huali/xs/xs (107).bmp	4
huali/xs/xs (108).bmp	4
huali/xs/xs (109).bmp	4
huali/xs/xs (11).bmp	4
huali/xs/xs (110).bmp	4
huali/xs/xs (111).bmp	4
huali/xs/xs (112).bmp	4
huali/xs/xs (113).bmp	4
huali/xs/xs (114).bmp	4
huali/xs/xs (115).bmp	4
huali/xs/xs (116).bmp	4
huali/xs/xs (117).bmp	4
huali/xs/xs (118).bmp	4
huali/xs/xs (119).bmp	4
huali/xs/xs (12).bmp	4
huali/xs/xs (120).bmp	4
huali/xs/xs (121).bmp	4
huali/xs/xs (122).bmp	4
huali/xs/xs (123).bmp	4
huali/xs/xs (124).bmp	4
huali/xs/xs (125).bmp	4
huali/xs/xs (126).bmp	4
huali/xs/xs (127).bmp	4
huali/xs/xs (128).bmp	4
huali/xs/xs (129).bmp	4
huali/xs/xs (13).bmp	4
huali/xs/xs (130).bmp	4
huali/xs/xs (131).bmp	4
huali/xs/xs (132).bmp	4
huali/xs/xs (133).bmp	4
huali/xs/xs (134).bmp	4
huali/xs/xs (135).bmp	4
huali/xs/xs (136).bmp	4
huali/xs/xs (137).bmp	4
huali/xs/xs (138).bmp	4
huali/xs/xs (139).bmp	4
huali/xs/xs (14).bmp	4
huali/xs/xs (140).bmp	4
huali/xs/xs (15).bmp	4
huali/xs/xs (16).bmp	4
huali/xs/xs (17).bmp	4
huali/xs/xs (18).bmp	4
huali/xs/xs (19).bmp	4
huali/xs/xs (2).bmp	4
huali/xs/xs (20).bmp	4
huali/xs/xs (21).bmp	4
huali/xs/xs (22).bmp	4
huali/xs/xs (23).bmp	4
huali/xs/xs (24).bmp	4
huali/xs/xs (25).bmp	4
huali/xs/xs (26).bmp	4
huali/xs/xs (27).bmp	4
huali/xs/xs (28).bmp	4
huali/xs/xs (29).bmp	4
huali/xs/xs (3).bmp	4
huali/xs/xs (30).bmp	4
huali/xs/xs (31).bmp	4
huali/xs/xs (32).bmp	4
huali/xs/xs (33).bmp	4
huali/xs/xs (34).bmp	4
huali/xs/xs (35).bmp	4
huali/xs/xs (36).bmp	4
huali/xs/xs (37).bmp	4
huali/xs/xs (38).bmp	4
huali/xs/xs (39).bmp	4
huali/xs/xs (4).bmp	4
huali/xs/xs (40).bmp	4
huali/xs/xs (41).bmp	4
huali/xs/xs (42).bmp	4
huali/xs/xs (43).bmp	4
huali/xs/xs (44).bmp	4
huali/xs/xs (45).bmp	4
huali/xs/xs (46).bmp	4
huali/xs/xs (47).bmp	4
huali/xs/xs (48).bmp	4
huali/xs/xs (49).bmp	4
huali/xs/xs (5).bmp	4
huali/xs/xs (50).bmp	4
huali/xs/xs (51).bmp	4
huali/xs/xs (52).bmp	4
huali/xs/xs (53).bmp	4
huali/xs/xs (54).bmp	4
huali/xs/xs (55).bmp	4
huali/xs/xs (56).bmp	4
huali/xs/xs (57).bmp	4
huali/xs/xs (58).bmp	4
huali/xs/xs (59).bmp	4
huali/xs/xs (6).bmp	4
huali/xs/xs (60).bmp	4
huali/xs/xs (61).bmp	4
huali/xs/xs (62).bmp	4
huali/xs/xs (63).bmp	4
huali/xs/xs (64).bmp	4
huali/xs/xs (65).bmp	4
huali/xs/xs (66).bmp	4
huali/xs/xs (67).bmp	4
huali/xs/xs (68).bmp	4
huali/xs/xs (69).bmp	4
huali/xs/xs (7).bmp	4
huali/xs/xs (70).bmp	4
huali/xs/xs (71).bmp	4
huali/xs/xs (72).bmp	4
huali/xs/xs (73).bmp	4
huali/xs/xs (74).bmp	4
huali/xs/xs (75).bmp	4
huali/xs/xs (76).bmp	4
huali/xs/xs (77).bmp	4
huali/xs/xs (78).bmp	4
huali/xs/xs (79).bmp	4
huali/xs/xs (8).bmp	4
huali/xs/xs (80).bmp	4
huali/xs/xs (81).bmp	4
huali/xs/xs (82).bmp	4
huali/xs/xs (83).bmp	4
huali/xs/xs (84).bmp	4
huali/xs/xs (85).bmp	4
huali/xs/xs (86).bmp	4
huali/xs/xs (87).bmp	4
huali/xs/xs (88).bmp	4
huali/xs/xs (89).bmp	4
huali/xs/xs (9).bmp	4
huali/xs/xs (90).bmp	4
huali/xs/xs (91).bmp	4
huali/xs/xs (92).bmp	4
huali/xs/xs (93).bmp	4
huali/xs/xs (94).bmp	4
huali/xs/xs (95).bmp	4
huali/xs/xs (96).bmp	4
huali/xs/xs (97).bmp	4
huali/xs/xs (98).bmp	4
huali/xs/xs (99).bmp	4
qinshuang/lxs/lxs (1).bmp	5
qinshuang/lxs/lxs (10).bmp	5
qinshuang/lxs/lxs (11).bmp	5
qinshuang/lxs/lxs (12).bmp	5
qinshuang/lxs/lxs (13).bmp	5
qinshuang/lxs/lxs (14).bmp	5
qinshuang/lxs/lxs (15).bmp	5
qinshuang/lxs/lxs (16).bmp	5
qinshuang/lxs/lxs (17).bmp	5
qinshuang/lxs/lxs (18).bmp	5
qinshuang/lxs/lxs (19).bmp	5
qinshuang/lxs/lxs (2).bmp	5
qinshuang/lxs/lxs (20).bmp	5
qinshuang/lxs/lxs (21).bmp	5
qinshuang/lxs/lxs (22).bmp	5
qinshuang/lxs/lxs (23).bmp	5
qinshuang/lxs/lxs (24).bmp	5
qinshuang/lxs/lxs (3).bmp	5
qinshuang/lxs/lxs (4).bmp	5
qinshuang/lxs/lxs (5).bmp	5
qinshuang/lxs/lxs (6).bmp	5
qinshuang/lxs/lxs (7).bmp	5
qinshuang/lxs/lxs (8).bmp	5
qinshuang/lxs/lxs (9).bmp	5
qinshuang/qinshuang/qs (1).bmp	6
qinshuang/qinshuang/qs (10).bmp	6
qinshuang/qinshuang/qs (11).bmp	6
qinshuang/qinshuang/qs (12).bmp	6
qinshuang/qinshuang/qs (13).bmp	6
qinshuang/qinshuang/qs (14).bmp	6
qinshuang/qinshuang/qs (15).bmp	6
qinshuang/qinshuang/qs (16).bmp	6
qinshuang/qinshuang/qs (17).bmp	6
qinshuang/qinshuang/qs (18).bmp	6
qinshuang/qinshuang/qs (19).bmp	6
qinshuang/qinshuang/qs (2).bmp	6
qinshuang/qinshuang/qs (20).bmp	6
qinshuang/qinshuang/qs (21).bmp	6
qinshuang/qinshuang/qs (22).bmp	6
qinshuang/qinshuang/qs (23).bmp	6
qinshuang/qinshuang/qs (24).bmp	6
qinshuang/qinshuang/qs (25).bmp	6
qinshuang/qinshuang/qs (26).bmp	6
qinshuang/qinshuang/qs (27).bmp	6
qinshuang/qinshuang/qs (28).bmp	6
qinshuang/qinshuang/qs (29).bmp	6
qinshuang/qinshuang/qs (3).bmp	6
qinshuang/qinshuang/qs (30).bmp	6
qinshuang/qinshuang/qs (31).bmp	6
qinshuang/qinshuang/qs (32).bmp	6
qinshuang/qinshuang/qs (33).bmp	6
qinshuang/qinshuang/qs (34).bmp	6
qinshuang/qinshuang/qs (35).bmp	6
qinshuang/qinshuang/qs (36).bmp	6
qinshuang/qinshuang/qs (37).bmp	6
qinshuang/qinshuang/qs (38).bmp	6
qinshuang/qinshuang/qs (39).bmp	6
qinshuang/qinshuang/qs (4).bmp	6
qinshuang/qinshuang/qs (40).bmp	6
qinshuang/qinshuang/qs (41).bmp	6
qinshuang/qinshuang/qs (42).bmp	6
qinshuang/qinshuang/qs (43).bmp	6
qinshuang/qinshuang/qs (44).bmp	6
qinshuang/qinshuang/qs (45).bmp	6
qinshuang/qinshuang/qs (46).bmp	6
qinshuang/qinshuang/qs (47).bmp	6
qinshuang/qinshuang/qs (48).bmp	6
qinshuang/qinshuang/qs (49).bmp	6
qinshuang/qinshuang/qs (5).bmp	6
qinshuang/qinshuang/qs (50).bmp	6
qinshuang/qinshuang/qs (51).bmp	6
qinshuang/qinshuang/qs (52).bmp	6
qinshuang/qinshuang/qs (53).bmp	6
qinshuang/qinshuang/qs (54).bmp	6
qinshuang/qinshuang/qs (55).bmp	6
qinshuang/qinshuang/qs (56).bmp	6
qinshuang/qinshuang/qs (57).bmp	6
qinshuang/qinshuang/qs (58).bmp	6
qinshuang/qinshuang/qs (59).bmp	6
qinshuang/qinshuang/qs (6).bmp	6
qinshuang/qinshuang/qs (60).bmp	6
qinshuang/qinshuang/qs (61).bmp	6
qinshuang/qinshuang/qs (62).bmp	6
qinshuang/qinshuang/qs (63).bmp	6
qinshuang/qinshuang/qs (64).bmp	6
qinshuang/qinshuang/qs (65).bmp	6
qinshuang/qinshuang/qs (66).bmp	6
qinshuang/qinshuang/qs (67).bmp	6
qinshuang/qinshuang/qs (68).bmp	6
qinshuang/qinshuang/qs (69).bmp	6
qinshuang/qinshuang/qs (7).bmp	6
qinshuang/qinshuang/qs (70).bmp	6
qinshuang/qinshuang/qs (71).bmp	6
qinshuang/qinshuang/qs (72).bmp	6
qinshuang/qinshuang/qs (73).bmp	6
qinshuang/qinshuang/qs (74).bmp	6
qinshuang/qinshuang/qs (75).bmp	6
qinshuang/qinshuang/qs (76).bmp	6
qinshuang/qinshuang/qs (77).bmp	6
qinshuang/qinshuang/qs (78).bmp	6
qinshuang/qinshuang/qs (8).bmp	6
qinshuang/qinshuang/qs (9).bmp	6
qinshuang/xiandai/xd (1).bmp	7
qinshuang/xiandai/xd (10).bmp	7
qinshuang/xiandai/xd (100).bmp	7
qinshuang/xiandai/xd (101).bmp	7
qinshuang/xiandai/xd (102).bmp	7
qinshuang/xiandai/xd (103).bmp	7
qinshuang/xiandai/xd (104).bmp	7
qinshuang/xiandai/xd (105).bmp	7
qinshuang/xiandai/xd (106).bmp	7
qinshuang/xiandai/xd (107).bmp	7
qinshuang/xiandai/xd (108).bmp	7
qinshuang/xiandai/xd (109).bmp	7
qinshuang/xiandai/xd (11).bmp	7
qinshuang/xiandai/xd (110).bmp	7
qinshuang/xiandai/xd (111).bmp	7
qinshuang/xiandai/xd (112).bmp	7
qinshuang/xiandai/xd (113).bmp	7
qinshuang/xiandai/xd (114).bmp	7
qinshuang/xiandai/xd (115).bmp	7
qinshuang/xiandai/xd (116).bmp	7
qinshuang/xiandai/xd (117).bmp	7
qinshuang/xiandai/xd (118).bmp	7
qinshuang/xiandai/xd (119).bmp	7
qinshuang/xiandai/xd (12).bmp	7
qinshuang/xiandai/xd (120).bmp	7
qinshuang/xiandai/xd (121).bmp	7
qinshuang/xiandai/xd (13).bmp	7
qinshuang/xiandai/xd (14).bmp	7
qinshuang/xiandai/xd (15).bmp	7
qinshuang/xiandai/xd (16).bmp	7
qinshuang/xiandai/xd (17).bmp	7
qinshuang/xiandai/xd (18).bmp	7
qinshuang/xiandai/xd (19).bmp	7
qinshuang/xiandai/xd (2).bmp	7
qinshuang/xiandai/xd (20).bmp	7
qinshuang/xiandai/xd (21).bmp	7
qinshuang/xiandai/xd (22).bmp	7
qinshuang/xiandai/xd (23).bmp	7
qinshuang/xiandai/xd (24).bmp	7
qinshuang/xiandai/xd (25).bmp	7
qinshuang/xiandai/xd (26).bmp	7
qinshuang/xiandai/xd (27).bmp	7
qinshuang/xiandai/xd (28).bmp	7
qinshuang/xiandai/xd (29).bmp	7
qinshuang/xiandai/xd (3).bmp	7
qinshuang/xiandai/xd (30).bmp	7
qinshuang/xiandai/xd (31).bmp	7
qinshuang/xiandai/xd (32).bmp	7
qinshuang/xiandai/xd (33).bmp	7
qinshuang/xiandai/xd (34).bmp	7
qinshuang/xiandai/xd (35).bmp	7
qinshuang/xiandai/xd (36).bmp	7
qinshuang/xiandai/xd (37).bmp	7
qinshuang/xiandai/xd (38).bmp	7
qinshuang/xiandai/xd (39).bmp	7
qinshuang/xiandai/xd (4).bmp	7
qinshuang/xiandai/xd (40).bmp	7
qinshuang/xiandai/xd (41).bmp	7
qinshuang/xiandai/xd (42).bmp	7
qinshuang/xiandai/xd (43).bmp	7
qinshuang/xiandai/xd (44).bmp	7
qinshuang/xiandai/xd (45).bmp	7
qinshuang/xiandai/xd (46).bmp	7
qinshuang/xiandai/xd (47).bmp	7
qinshuang/xiandai/xd (48).bmp	7
qinshuang/xiandai/xd (49).bmp	7
qinshuang/xiandai/xd (5).bmp	7
qinshuang/xiandai/xd (50).bmp	7
qinshuang/xiandai/xd (51).bmp	7
qinshuang/xiandai/xd (52).bmp	7
qinshuang/xiandai/xd (53).bmp	7
qinshuang/xiandai/xd (54).bmp	7
qinshuang/xiandai/xd (55).bmp	7
qinshuang/xiandai/xd (56).bmp	7
qinshuang/xiandai/xd (57).bmp	7
qinshuang/xiandai/xd (58).bmp	7
qinshuang/xiandai/xd (59).bmp	7
qinshuang/xiandai/xd (6).bmp	7
qinshuang/xiandai/xd (60).bmp	7
qinshuang/xiandai/xd (61).bmp	7
qinshuang/xiandai/xd (62).bmp	7
qinshuang/xiandai/xd (63).bmp	7
qinshuang/xiandai/xd (64).bmp	7
qinshuang/xiandai/xd (65).bmp	7
qinshuang/xiandai/xd (66).bmp	7
qinshuang/xiandai/xd (67).bmp	7
qinshuang/xiandai/xd (68).bmp	7
qinshuang/xiandai/xd (69).bmp	7
qinshuang/xiandai/xd (7).bmp	7
qinshuang/xiandai/xd (70).bmp	7
qinshuang/xiandai/xd (71).bmp	7
qinshuang/xiandai/xd (72).bmp	7
qinshuang/xiandai/xd (73).bmp	7
qinshuang/xiandai/xd (74).bmp	7
qinshuang/xiandai/xd (75).bmp	7
qinshuang/xiandai/xd (76).bmp	7
qinshuang/xiandai/xd (77).bmp	7
qinshuang/xiandai/xd (78).bmp	7
qinshuang/xiandai/xd (79).bmp	7
qinshuang/xiandai/xd (8).bmp	7
qinshuang/xiandai/xd (80).bmp	7
qinshuang/xiandai/xd (81).bmp	7
qinshuang/xiandai/xd (82).bmp	7
qinshuang/xiandai/xd (83).bmp	7
qinshuang/xiandai/xd (84).bmp	7
qinshuang/xiandai/xd (85).bmp	7
qinshuang/xiandai/xd (86).bmp	7
qinshuang/xiandai/xd (87).bmp	7
qinshuang/xiandai/xd (88).bmp	7
qinshuang/xiandai/xd (89).bmp	7
qinshuang/xiandai/xd (9).bmp	7
qinshuang/xiandai/xd (90).bmp	7
qinshuang/xiandai/xd (91).bmp	7
qinshuang/xiandai/xd (92).bmp	7
qinshuang/xiandai/xd (93).bmp	7
qinshuang/xiandai/xd (94).bmp	7
qinshuang/xiandai/xd (95).bmp	7
qinshuang/xiandai/xd (96).bmp	7
qinshuang/xiandai/xd (97).bmp	7
qinshuang/xiandai/xd (98).bmp	7
qinshuang/xiandai/xd (99).bmp	7
wenzhong/gdkj/gdkj (1).bmp	8
wenzhong/gdkj/gdkj (10).bmp	8
wenzhong/gdkj/gdkj (11).bmp	8
wenzhong/gdkj/gdkj (12).bmp	8
wenzhong/gdkj/gdkj (13).bmp	8
wenzhong/gdkj/gdkj (14).bmp	8
wenzhong/gdkj/gdkj (15).bmp	8
wenzhong/gdkj/gdkj (16).bmp	8
wenzhong/gdkj/gdkj (17).bmp	8
wenzhong/gdkj/gdkj (18).bmp	8
wenzhong/gdkj/gdkj (19).bmp	8
wenzhong/gdkj/gdkj (2).bmp	8
wenzhong/gdkj/gdkj (20).bmp	8
wenzhong/gdkj/gdkj (21).bmp	8
wenzhong/gdkj/gdkj (22).bmp	8
wenzhong/gdkj/gdkj (23).bmp	8
wenzhong/gdkj/gdkj (24).bmp	8
wenzhong/gdkj/gdkj (25).bmp	8
wenzhong/gdkj/gdkj (26).bmp	8
wenzhong/gdkj/gdkj (27).bmp	8
wenzhong/gdkj/gdkj (28).bmp	8
wenzhong/gdkj/gdkj (29).bmp	8
wenzhong/gdkj/gdkj (3).bmp	8
wenzhong/gdkj/gdkj (30).bmp	8
wenzhong/gdkj/gdkj (31).bmp	8
wenzhong/gdkj/gdkj (32).bmp	8
wenzhong/gdkj/gdkj (33).bmp	8
wenzhong/gdkj/gdkj (34).bmp	8
wenzhong/gdkj/gdkj (35).bmp	8
wenzhong/gdkj/gdkj (36).bmp	8
wenzhong/gdkj/gdkj (37).bmp	8
wenzhong/gdkj/gdkj (38).bmp	8
wenzhong/gdkj/gdkj (39).bmp	8
wenzhong/gdkj/gdkj (4).bmp	8
wenzhong/gdkj/gdkj (40).bmp	8
wenzhong/gdkj/gdkj (41).bmp	8
wenzhong/gdkj/gdkj (42).bmp	8
wenzhong/gdkj/gdkj (43).bmp	8
wenzhong/gdkj/gdkj (44).bmp	8
wenzhong/gdkj/gdkj (45).bmp	8
wenzhong/gdkj/gdkj (46).bmp	8
wenzhong/gdkj/gdkj (47).bmp	8
wenzhong/gdkj/gdkj (48).bmp	8
wenzhong/gdkj/gdkj (49).bmp	8
wenzhong/gdkj/gdkj (5).bmp	8
wenzhong/gdkj/gdkj (50).bmp	8
wenzhong/gdkj/gdkj (51).bmp	8
wenzhong/gdkj/gdkj (52).bmp	8
wenzhong/gdkj/gdkj (53).bmp	8
wenzhong/gdkj/gdkj (54).bmp	8
wenzhong/gdkj/gdkj (55).bmp	8
wenzhong/gdkj/gdkj (56).bmp	8
wenzhong/gdkj/gdkj (57).bmp	8
wenzhong/gdkj/gdkj (58).bmp	8
wenzhong/gdkj/gdkj (59).bmp	8
wenzhong/gdkj/gdkj (6).bmp	8
wenzhong/gdkj/gdkj (60).bmp	8
wenzhong/gdkj/gdkj (7).bmp	8
wenzhong/gdkj/gdkj (8).bmp	8
wenzhong/gdkj/gdkj (9).bmp	8
wenzhong/gudian/gd (1).bmp	9
wenzhong/gudian/gd (10).bmp	9
wenzhong/gudian/gd (11).bmp	9
wenzhong/gudian/gd (12).bmp	9
wenzhong/gudian/gd (13).bmp	9
wenzhong/gudian/gd (14).bmp	9
wenzhong/gudian/gd (15).bmp	9
wenzhong/gudian/gd (16).bmp	9
wenzhong/gudian/gd (17).bmp	9
wenzhong/gudian/gd (18).bmp	9
wenzhong/gudian/gd (19).bmp	9
wenzhong/gudian/gd (2).bmp	9
wenzhong/gudian/gd (20).bmp	9
wenzhong/gudian/gd (21).bmp	9
wenzhong/gudian/gd (22).bmp	9
wenzhong/gudian/gd (23).bmp	9
wenzhong/gudian/gd (24).bmp	9
wenzhong/gudian/gd (25).bmp	9
wenzhong/gudian/gd (26).bmp	9
wenzhong/gudian/gd (27).bmp	9
wenzhong/gudian/gd (28).bmp	9
wenzhong/gudian/gd (29).bmp	9
wenzhong/gudian/gd (3).bmp	9
wenzhong/gudian/gd (30).bmp	9
wenzhong/gudian/gd (31).bmp	9
wenzhong/gudian/gd (32).bmp	9
wenzhong/gudian/gd (33).bmp	9
wenzhong/gudian/gd (34).bmp	9
wenzhong/gudian/gd (35).bmp	9
wenzhong/gudian/gd (36).bmp	9
wenzhong/gudian/gd (37).bmp	9
wenzhong/gudian/gd (38).bmp	9
wenzhong/gudian/gd (39).bmp	9
wenzhong/gudian/gd (4).bmp	9
wenzhong/gudian/gd (40).bmp	9
wenzhong/gudian/gd (41).bmp	9
wenzhong/gudian/gd (42).bmp	9
wenzhong/gudian/gd (43).bmp	9
wenzhong/gudian/gd (44).bmp	9
wenzhong/gudian/gd (45).bmp	9
wenzhong/gudian/gd (46).bmp	9
wenzhong/gudian/gd (47).bmp	9
wenzhong/gudian/gd (48).bmp	9
wenzhong/gudian/gd (49).bmp	9
wenzhong/gudian/gd (5).bmp	9
wenzhong/gudian/gd (50).bmp	9
wenzhong/gudian/gd (51).bmp	9
wenzhong/gudian/gd (52).bmp	9
wenzhong/gudian/gd (53).bmp	9
wenzhong/gudian/gd (54).bmp	9
wenzhong/gudian/gd (55).bmp	9
wenzhong/gudian/gd (56).bmp	9
wenzhong/gudian/gd (57).bmp	9
wenzhong/gudian/gd (58).bmp	9
wenzhong/gudian/gd (59).bmp	9
wenzhong/gudian/gd (6).bmp	9
wenzhong/gudian/gd (60).bmp	9
wenzhong/gudian/gd (61).bmp	9
wenzhong/gudian/gd (62).bmp	9
wenzhong/gudian/gd (63).bmp	9
wenzhong/gudian/gd (64).bmp	9
wenzhong/gudian/gd (65).bmp	9
wenzhong/gudian/gd (66).bmp	9
wenzhong/gudian/gd (67).bmp	9
wenzhong/gudian/gd (68).bmp	9
wenzhong/gudian/gd (69).bmp	9
wenzhong/gudian/gd (7).bmp	9
wenzhong/gudian/gd (70).bmp	9
wenzhong/gudian/gd (71).bmp	9
wenzhong/gudian/gd (72).bmp	9
wenzhong/gudian/gd (73).bmp	9
wenzhong/gudian/gd (74).bmp	9
wenzhong/gudian/gd (75).bmp	9
wenzhong/gudian/gd (76).bmp	9
wenzhong/gudian/gd (77).bmp	9
wenzhong/gudian/gd (78).bmp	9
wenzhong/gudian/gd (79).bmp	9
wenzhong/gudian/gd (8).bmp	9
wenzhong/gudian/gd (80).bmp	9
wenzhong/gudian/gd (81).bmp	9
wenzhong/gudian/gd (82).bmp	9
wenzhong/gudian/gd (83).bmp	9
wenzhong/gudian/gd (84).bmp	9
wenzhong/gudian/gd (85).bmp	9
wenzhong/gudian/gd (86).bmp	9
wenzhong/gudian/gd (9).bmp	9
wenzhong/jingzhi/jz (1).bmp	10
wenzhong/jingzhi/jz (10).bmp	10
wenzhong/jingzhi/jz (100).bmp	10
wenzhong/jingzhi/jz (101).bmp	10
wenzhong/jingzhi/jz (102).bmp	10
wenzhong/jingzhi/jz (103).bmp	10
wenzhong/jingzhi/jz (104).bmp	10
wenzhong/jingzhi/jz (105).bmp	10
wenzhong/jingzhi/jz (106).bmp	10
wenzhong/jingzhi/jz (107).bmp	10
wenzhong/jingzhi/jz (108).bmp	10
wenzhong/jingzhi/jz (109).bmp	10
wenzhong/jingzhi/jz (11).bmp	10
wenzhong/jingzhi/jz (110).bmp	10
wenzhong/jingzhi/jz (111).bmp	10
wenzhong/jingzhi/jz (112).bmp	10
wenzhong/jingzhi/jz (113).bmp	10
wenzhong/jingzhi/jz (114).bmp	10
wenzhong/jingzhi/jz (115).bmp	10
wenzhong/jingzhi/jz (116).bmp	10
wenzhong/jingzhi/jz (117).bmp	10
wenzhong/jingzhi/jz (118).bmp	10
wenzhong/jingzhi/jz (119).bmp	10
wenzhong/jingzhi/jz (12).bmp	10
wenzhong/jingzhi/jz (120).bmp	10
wenzhong/jingzhi/jz (121).bmp	10
wenzhong/jingzhi/jz (122).bmp	10
wenzhong/jingzhi/jz (123).bmp	10
wenzhong/jingzhi/jz (124).bmp	10
wenzhong/jingzhi/jz (125).bmp	10
wenzhong/jingzhi/jz (126).bmp	10
wenzhong/jingzhi/jz (127).bmp	10
wenzhong/jingzhi/jz (128).bmp	10
wenzhong/jingzhi/jz (129).bmp	10
wenzhong/jingzhi/jz (13).bmp	10
wenzhong/jingzhi/jz (130).bmp	10
wenzhong/jingzhi/jz (131).bmp	10
wenzhong/jingzhi/jz (132).bmp	10
wenzhong/jingzhi/jz (133).bmp	10
wenzhong/jingzhi/jz (134).bmp	10
wenzhong/jingzhi/jz (135).bmp	10
wenzhong/jingzhi/jz (136).bmp	10
wenzhong/jingzhi/jz (137).bmp	10
wenzhong/jingzhi/jz (138).bmp	10
wenzhong/jingzhi/jz (139).bmp	10
wenzhong/jingzhi/jz (14).bmp	10
wenzhong/jingzhi/jz (140).bmp	10
wenzhong/jingzhi/jz (141).bmp	10
wenzhong/jingzhi/jz (142).bmp	10
wenzhong/jingzhi/jz (143).bmp	10
wenzhong/jingzhi/jz (144).bmp	10
wenzhong/jingzhi/jz (145).bmp	10
wenzhong/jingzhi/jz (146).bmp	10
wenzhong/jingzhi/jz (147).bmp	10
wenzhong/jingzhi/jz (148).bmp	10
wenzhong/jingzhi/jz (149).bmp	10
wenzhong/jingzhi/jz (15).bmp	10
wenzhong/jingzhi/jz (150).bmp	10
wenzhong/jingzhi/jz (151).bmp	10
wenzhong/jingzhi/jz (152).bmp	10
wenzhong/jingzhi/jz (153).bmp	10
wenzhong/jingzhi/jz (154).bmp	10
wenzhong/jingzhi/jz (155).bmp	10
wenzhong/jingzhi/jz (156).bmp	10
wenzhong/jingzhi/jz (157).bmp	10
wenzhong/jingzhi/jz (158).bmp	10
wenzhong/jingzhi/jz (159).bmp	10
wenzhong/jingzhi/jz (16).bmp	10
wenzhong/jingzhi/jz (160).bmp	10
wenzhong/jingzhi/jz (161).bmp	10
wenzhong/jingzhi/jz (162).bmp	10
wenzhong/jingzhi/jz (163).bmp	10
wenzhong/jingzhi/jz (164).bmp	10
wenzhong/jingzhi/jz (165).bmp	10
wenzhong/jingzhi/jz (166).bmp	10
wenzhong/jingzhi/jz (167).bmp	10
wenzhong/jingzhi/jz (168).bmp	10
wenzhong/jingzhi/jz (169).bmp	10
wenzhong/jingzhi/jz (17).bmp	10
wenzhong/jingzhi/jz (170).bmp	10
wenzhong/jingzhi/jz (171).bmp	10
wenzhong/jingzhi/jz (172).bmp	10
wenzhong/jingzhi/jz (173).bmp	10
wenzhong/jingzhi/jz (174).bmp	10
wenzhong/jingzhi/jz (175).bmp	10
wenzhong/jingzhi/jz (176).bmp	10
wenzhong/jingzhi/jz (177).bmp	10
wenzhong/jingzhi/jz (178).bmp	10
wenzhong/jingzhi/jz (179).bmp	10
wenzhong/jingzhi/jz (18).bmp	10
wenzhong/jingzhi/jz (19).bmp	10
wenzhong/jingzhi/jz (2).bmp	10
wenzhong/jingzhi/jz (20).bmp	10
wenzhong/jingzhi/jz (21).bmp	10
wenzhong/jingzhi/jz (22).bmp	10
wenzhong/jingzhi/jz (23).bmp	10
wenzhong/jingzhi/jz (24).bmp	10
wenzhong/jingzhi/jz (25).bmp	10
wenzhong/jingzhi/jz (26).bmp	10
wenzhong/jingzhi/jz (27).bmp	10
wenzhong/jingzhi/jz (28).bmp	10
wenzhong/jingzhi/jz (29).bmp	10
wenzhong/jingzhi/jz (3).bmp	10
wenzhong/jingzhi/jz (30).bmp	10
wenzhong/jingzhi/jz (31).bmp	10
wenzhong/jingzhi/jz (32).bmp	10
wenzhong/jingzhi/jz (33).bmp	10
wenzhong/jingzhi/jz (34).bmp	10
wenzhong/jingzhi/jz (35).bmp	10
wenzhong/jingzhi/jz (36).bmp	10
wenzhong/jingzhi/jz (37).bmp	10
wenzhong/jingzhi/jz (38).bmp	10
wenzhong/jingzhi/jz (39).bmp	10
wenzhong/jingzhi/jz (4).bmp	10
wenzhong/jingzhi/jz (40).bmp	10
wenzhong/jingzhi/jz (41).bmp	10
wenzhong/jingzhi/jz (42).bmp	10
wenzhong/jingzhi/jz (43).bmp	10
wenzhong/jingzhi/jz (44).bmp	10
wenzhong/jingzhi/jz (45).bmp	10
wenzhong/jingzhi/jz (46).bmp	10
wenzhong/jingzhi/jz (47).bmp	10
wenzhong/jingzhi/jz (48).bmp	10
wenzhong/jingzhi/jz (49).bmp	10
wenzhong/jingzhi/jz (5).bmp	10
wenzhong/jingzhi/jz (50).bmp	10
wenzhong/jingzhi/jz (51).bmp	10
wenzhong/jingzhi/jz (52).bmp	10
wenzhong/jingzhi/jz (53).bmp	10
wenzhong/jingzhi/jz (54).bmp	10
wenzhong/jingzhi/jz (55).bmp	10
wenzhong/jingzhi/jz (56).bmp	10
wenzhong/jingzhi/jz (57).bmp	10
wenzhong/jingzhi/jz (58).bmp	10
wenzhong/jingzhi/jz (59).bmp	10
wenzhong/jingzhi/jz (6).bmp	10
wenzhong/jingzhi/jz (60).bmp	10
wenzhong/jingzhi/jz (61).bmp	10
wenzhong/jingzhi/jz (62).bmp	10
wenzhong/jingzhi/jz (63).bmp	10
wenzhong/jingzhi/jz (64).bmp	10
wenzhong/jingzhi/jz (65).bmp	10
wenzhong/jingzhi/jz (66).bmp	10
wenzhong/jingzhi/jz (67).bmp	10
wenzhong/jingzhi/jz (68).bmp	10
wenzhong/jingzhi/jz (69).bmp	10
wenzhong/jingzhi/jz (7).bmp	10
wenzhong/jingzhi/jz (70).bmp	10
wenzhong/jingzhi/jz (71).bmp	10
wenzhong/jingzhi/jz (72).bmp	10
wenzhong/jingzhi/jz (73).bmp	10
wenzhong/jingzhi/jz (74).bmp	10
wenzhong/jingzhi/jz (75).bmp	10
wenzhong/jingzhi/jz (76).bmp	10
wenzhong/jingzhi/jz (77).bmp	10
wenzhong/jingzhi/jz (78).bmp	10
wenzhong/jingzhi/jz (79).bmp	10
wenzhong/jingzhi/jz (8).bmp	10
wenzhong/jingzhi/jz (80).bmp	10
wenzhong/jingzhi/jz (81).bmp	10
wenzhong/jingzhi/jz (82).bmp	10
wenzhong/jingzhi/jz (83).bmp	10
wenzhong/jingzhi/jz (84).bmp	10
wenzhong/jingzhi/jz (85).bmp	10
wenzhong/jingzhi/jz (86).bmp	10
wenzhong/jingzhi/jz (87).bmp	10
wenzhong/jingzhi/jz (88).bmp	10
wenzhong/jingzhi/jz (89).bmp	10
wenzhong/jingzhi/jz (9).bmp	10
wenzhong/jingzhi/jz (90).bmp	10
wenzhong/jingzhi/jz (91).bmp	10
wenzhong/jingzhi/jz (92).bmp	10
wenzhong/jingzhi/jz (93).bmp	10
wenzhong/jingzhi/jz (94).bmp	10
wenzhong/jingzhi/jz (95).bmp	10
wenzhong/jingzhi/jz (96).bmp	10
wenzhong/jingzhi/jz (97).bmp	10
wenzhong/jingzhi/jz (98).bmp	10
wenzhong/jingzhi/jz (99).bmp	10
wenzhong/kj/kj (1).bmp	11
wenzhong/kj/kj (10).bmp	11
wenzhong/kj/kj (11).bmp	11
wenzhong/kj/kj (12).bmp	11
wenzhong/kj/kj (13).bmp	11
wenzhong/kj/kj (14).bmp	11
wenzhong/kj/kj (15).bmp	11
wenzhong/kj/kj (16).bmp	11
wenzhong/kj/kj (17).bmp	11
wenzhong/kj/kj (18).bmp	11
wenzhong/kj/kj (19).bmp	11
wenzhong/kj/kj (2).bmp	11
wenzhong/kj/kj (20).bmp	11
wenzhong/kj/kj (21).bmp	11
wenzhong/kj/kj (22).bmp	11
wenzhong/kj/kj (23).bmp	11
wenzhong/kj/kj (24).bmp	11
wenzhong/kj/kj (25).bmp	11
wenzhong/kj/kj (26).bmp	11
wenzhong/kj/kj (27).bmp	11
wenzhong/kj/kj (28).bmp	11
wenzhong/kj/kj (29).bmp	11
wenzhong/kj/kj (3).bmp	11
wenzhong/kj/kj (30).bmp	11
wenzhong/kj/kj (31).bmp	11
wenzhong/kj/kj (32).bmp	11
wenzhong/kj/kj (33).bmp	11
wenzhong/kj/kj (34).bmp	11
wenzhong/kj/kj (35).bmp	11
wenzhong/kj/kj (36).bmp	11
wenzhong/kj/kj (37).bmp	11
wenzhong/kj/kj (38).bmp	11
wenzhong/kj/kj (39).bmp	11
wenzhong/kj/kj (4).bmp	11
wenzhong/kj/kj (40).bmp	11
wenzhong/kj/kj (41).bmp	11
wenzhong/kj/kj (42).bmp	11
wenzhong/kj/kj (43).bmp	11
wenzhong/kj/kj (44).bmp	11
wenzhong/kj/kj (45).bmp	11
wenzhong/kj/kj (46).bmp	11
wenzhong/kj/kj (47).bmp	11
wenzhong/kj/kj (48).bmp	11
wenzhong/kj/kj (49).bmp	11
wenzhong/kj/kj (5).bmp	11
wenzhong/kj/kj (50).bmp	11
wenzhong/kj/kj (51).bmp	11
wenzhong/kj/kj (52).bmp	11
wenzhong/kj/kj (53).bmp	11
wenzhong/kj/kj (54).bmp	11
wenzhong/kj/kj (55).bmp	11
wenzhong/kj/kj (56).bmp	11
wenzhong/kj/kj (57).bmp	11
wenzhong/kj/kj (58).bmp	11
wenzhong/kj/kj (59).bmp	11
wenzhong/kj/kj (6).bmp	11
wenzhong/kj/kj (60).bmp	11
wenzhong/kj/kj (61).bmp	11
wenzhong/kj/kj (62).bmp	11
wenzhong/kj/kj (63).bmp	11
wenzhong/kj/kj (64).bmp	11
wenzhong/kj/kj (65).bmp	11
wenzhong/kj/kj (66).bmp	11
wenzhong/kj/kj (67).bmp	11
wenzhong/kj/kj (68).bmp	11
wenzhong/kj/kj (69).bmp	11
wenzhong/kj/kj (7).bmp	11
wenzhong/kj/kj (70).bmp	11
wenzhong/kj/kj (71).bmp	11
wenzhong/kj/kj (72).bmp	11
wenzhong/kj/kj (8).bmp	11
wenzhong/kj/kj (9).bmp	11
wenzhong/lm/lm (1).bmp	12
wenzhong/lm/lm (10).bmp	12
wenzhong/lm/lm (11).bmp	12
wenzhong/lm/lm (12).bmp	12
wenzhong/lm/lm (13).bmp	12
wenzhong/lm/lm (14).bmp	12
wenzhong/lm/lm (15).bmp	12
wenzhong/lm/lm (16).bmp	12
wenzhong/lm/lm (17).bmp	12
wenzhong/lm/lm (18).bmp	12
wenzhong/lm/lm (19).bmp	12
wenzhong/lm/lm (2).bmp	12
wenzhong/lm/lm (20).bmp	12
wenzhong/lm/lm (21).bmp	12
wenzhong/lm/lm (22).bmp	12
wenzhong/lm/lm (23).bmp	12
wenzhong/lm/lm (24).bmp	12
wenzhong/lm/lm (25).bmp	12
wenzhong/lm/lm (26).bmp	12
wenzhong/lm/lm (27).bmp	12
wenzhong/lm/lm (28).bmp	12
wenzhong/lm/lm (29).bmp	12
wenzhong/lm/lm (3).bmp	12
wenzhong/lm/lm (30).bmp	12
wenzhong/lm/lm (31).bmp	12
wenzhong/lm/lm (32).bmp	12
wenzhong/lm/lm (33).bmp	12
wenzhong/lm/lm (34).bmp	12
wenzhong/lm/lm (35).bmp	12
wenzhong/lm/lm (36).bmp	12
wenzhong/lm/lm (37).bmp	12
wenzhong/lm/lm (38).bmp	12
wenzhong/lm/lm (39).bmp	12
wenzhong/lm/lm (4).bmp	12
wenzhong/lm/lm (40).bmp	12
wenzhong/lm/lm (41).bmp	12
wenzhong/lm/lm (42).bmp	12
wenzhong/lm/lm (43).bmp	12
wenzhong/lm/lm (44).bmp	12
wenzhong/lm/lm (45).bmp	12
wenzhong/lm/lm (46).bmp	12
wenzhong/lm/lm (47).bmp	12
wenzhong/lm/lm (48).bmp	12
wenzhong/lm/lm (49).bmp	12
wenzhong/lm/lm (5).bmp	12
wenzhong/lm/lm (50).bmp	12
wenzhong/lm/lm (51).bmp	12
wenzhong/lm/lm (52).bmp	12
wenzhong/lm/lm (53).bmp	12
wenzhong/lm/lm (54).bmp	12
wenzhong/lm/lm (55).bmp	12
wenzhong/lm/lm (56).bmp	12
wenzhong/lm/lm (57).bmp	12
wenzhong/lm/lm (58).bmp	12
wenzhong/lm/lm (59).bmp	12
wenzhong/lm/lm (6).bmp	12
wenzhong/lm/lm (60).bmp	12
wenzhong/lm/lm (61).bmp	12
wenzhong/lm/lm (62).bmp	12
wenzhong/lm/lm (63).bmp	12
wenzhong/lm/lm (64).bmp	12
wenzhong/lm/lm (65).bmp	12
wenzhong/lm/lm (66).bmp	12
wenzhong/lm/lm (67).bmp	12
wenzhong/lm/lm (68).bmp	12
wenzhong/lm/lm (69).bmp	12
wenzhong/lm/lm (7).bmp	12
wenzhong/lm/lm (70).bmp	12
wenzhong/lm/lm (71).bmp	12
wenzhong/lm/lm (72).bmp	12
wenzhong/lm/lm (73).bmp	12
wenzhong/lm/lm (8).bmp	12
wenzhong/lm/lm (9).bmp	12
wenzhong/yz/yz (1).bmp	13
wenzhong/yz/yz (10).bmp	13
wenzhong/yz/yz (100).bmp	13
wenzhong/yz/yz (101).bmp	13
wenzhong/yz/yz (102).bmp	13
wenzhong/yz/yz (103).bmp	13
wenzhong/yz/yz (104).bmp	13
wenzhong/yz/yz (105).bmp	13
wenzhong/yz/yz (106).bmp	13
wenzhong/yz/yz (107).bmp	13
wenzhong/yz/yz (108).bmp	13
wenzhong/yz/yz (109).bmp	13
wenzhong/yz/yz (11).bmp	13
wenzhong/yz/yz (110).bmp	13
wenzhong/yz/yz (111).bmp	13
wenzhong/yz/yz (112).bmp	13
wenzhong/yz/yz (113).bmp	13
wenzhong/yz/yz (114).bmp	13
wenzhong/yz/yz (115).bmp	13
wenzhong/yz/yz (116).bmp	13
wenzhong/yz/yz (117).bmp	13
wenzhong/yz/yz (118).bmp	13
wenzhong/yz/yz (119).bmp	13
wenzhong/yz/yz (12).bmp	13
wenzhong/yz/yz (120).bmp	13
wenzhong/yz/yz (121).bmp	13
wenzhong/yz/yz (122).bmp	13
wenzhong/yz/yz (123).bmp	13
wenzhong/yz/yz (124).bmp	13
wenzhong/yz/yz (125).bmp	13
wenzhong/yz/yz (126).bmp	13
wenzhong/yz/yz (127).bmp	13
wenzhong/yz/yz (128).bmp	13
wenzhong/yz/yz (129).bmp	13
wenzhong/yz/yz (13).bmp	13
wenzhong/yz/yz (130).bmp	13
wenzhong/yz/yz (131).bmp	13
wenzhong/yz/yz (132).bmp	13
wenzhong/yz/yz (133).bmp	13
wenzhong/yz/yz (134).bmp	13
wenzhong/yz/yz (135).bmp	13
wenzhong/yz/yz (136).bmp	13
wenzhong/yz/yz (137).bmp	13
wenzhong/yz/yz (138).bmp	13
wenzhong/yz/yz (139).bmp	13
wenzhong/yz/yz (14).bmp	13
wenzhong/yz/yz (140).bmp	13
wenzhong/yz/yz (141).bmp	13
wenzhong/yz/yz (142).bmp	13
wenzhong/yz/yz (143).bmp	13
wenzhong/yz/yz (144).bmp	13
wenzhong/yz/yz (15).bmp	13
wenzhong/yz/yz (16).bmp	13
wenzhong/yz/yz (17).bmp	13
wenzhong/yz/yz (18).bmp	13
wenzhong/yz/yz (19).bmp	13
wenzhong/yz/yz (2).bmp	13
wenzhong/yz/yz (20).bmp	13
wenzhong/yz/yz (21).bmp	13
wenzhong/yz/yz (22).bmp	13
wenzhong/yz/yz (23).bmp	13
wenzhong/yz/yz (24).bmp	13
wenzhong/yz/yz (25).bmp	13
wenzhong/yz/yz (26).bmp	13
wenzhong/yz/yz (27).bmp	13
wenzhong/yz/yz (28).bmp	13
wenzhong/yz/yz (29).bmp	13
wenzhong/yz/yz (3).bmp	13
wenzhong/yz/yz (30).bmp	13
wenzhong/yz/yz (31).bmp	13
wenzhong/yz/yz (32).bmp	13
wenzhong/yz/yz (33).bmp	13
wenzhong/yz/yz (34).bmp	13
wenzhong/yz/yz (35).bmp	13
wenzhong/yz/yz (36).bmp	13
wenzhong/yz/yz (37).bmp	13
wenzhong/yz/yz (38).bmp	13
wenzhong/yz/yz (39).bmp	13
wenzhong/yz/yz (4).bmp	13
wenzhong/yz/yz (40).bmp	13
wenzhong/yz/yz (41).bmp	13
wenzhong/yz/yz (42).bmp	13
wenzhong/yz/yz (43).bmp	13
wenzhong/yz/yz (44).bmp	13
wenzhong/yz/yz (45).bmp	13
wenzhong/yz/yz (46).bmp	13
wenzhong/yz/yz (47).bmp	13
wenzhong/yz/yz (48).bmp	13
wenzhong/yz/yz (49).bmp	13
wenzhong/yz/yz (5).bmp	13
wenzhong/yz/yz (50).bmp	13
wenzhong/yz/yz (51).bmp	13
wenzhong/yz/yz (52).bmp	13
wenzhong/yz/yz (53).bmp	13
wenzhong/yz/yz (54).bmp	13
wenzhong/yz/yz (55).bmp	13
wenzhong/yz/yz (56).bmp	13
wenzhong/yz/yz (57).bmp	13
wenzhong/yz/yz (58).bmp	13
wenzhong/yz/yz (59).bmp	13
wenzhong/yz/yz (6).bmp	13
wenzhong/yz/yz (60).bmp	13
wenzhong/yz/yz (61).bmp	13
wenzhong/yz/yz (62).bmp	13
wenzhong/yz/yz (63).bmp	13
wenzhong/yz/yz (64).bmp	13
wenzhong/yz/yz (65).bmp	13
wenzhong/yz/yz (66).bmp	13
wenzhong/yz/yz (67).bmp	13
wenzhong/yz/yz (68).bmp	13
wenzhong/yz/yz (69).bmp	13
wenzhong/yz/yz (7).bmp	13
wenzhong/yz/yz (70).bmp	13
wenzhong/yz/yz (71).bmp	13
wenzhong/yz/yz (72).bmp	13
wenzhong/yz/yz (73).bmp	13
wenzhong/yz/yz (74).bmp	13
wenzhong/yz/yz (75).bmp	13
wenzhong/yz/yz (76).bmp	13
wenzhong/yz/yz (77).bmp	13
wenzhong/yz/yz (78).bmp	13
wenzhong/yz/yz (79).bmp	13
wenzhong/yz/yz (8).bmp	13
wenzhong/yz/yz (80).bmp	13
wenzhong/yz/yz (81).bmp	13
wenzhong/yz/yz (82).bmp	13
wenzhong/yz/yz (83).bmp	13
wenzhong/yz/yz (84).bmp	13
wenzhong/yz/yz (85).bmp	13
wenzhong/yz/yz (86).bmp	13
wenzhong/yz/yz (87).bmp	13
wenzhong/yz/yz (88).bmp	13
wenzhong/yz/yz (89).bmp	13
wenzhong/yz/yz (9).bmp	13
wenzhong/yz/yz (90).bmp	13
wenzhong/yz/yz (91).bmp	13
wenzhong/yz/yz (92).bmp	13
wenzhong/yz/yz (93).bmp	13
wenzhong/yz/yz (94).bmp	13
wenzhong/yz/yz (95).bmp	13
wenzhong/yz/yz (96).bmp	13
wenzhong/yz/yz (97).bmp	13
wenzhong/yz/yz (98).bmp	13
wenzhong/yz/yz (99).bmp	13
wenzhong/zr/zr (1).bmp	14
wenzhong/zr/zr (10).bmp	14
wenzhong/zr/zr (100).bmp	14
wenzhong/zr/zr (101).bmp	14
wenzhong/zr/zr (102).bmp	14
wenzhong/zr/zr (103).bmp	14
wenzhong/zr/zr (104).bmp	14
wenzhong/zr/zr (105).bmp	14
wenzhong/zr/zr (106).bmp	14
wenzhong/zr/zr (107).bmp	14
wenzhong/zr/zr (108).bmp	14
wenzhong/zr/zr (109).bmp	14
wenzhong/zr/zr (11).bmp	14
wenzhong/zr/zr (110).bmp	14
wenzhong/zr/zr (111).bmp	14
wenzhong/zr/zr (112).bmp	14
wenzhong/zr/zr (113).bmp	14
wenzhong/zr/zr (114).bmp	14
wenzhong/zr/zr (115).bmp	14
wenzhong/zr/zr (116).bmp	14
wenzhong/zr/zr (117).bmp	14
wenzhong/zr/zr (118).bmp	14
wenzhong/zr/zr (119).bmp	14
wenzhong/zr/zr (12).bmp	14
wenzhong/zr/zr (120).bmp	14
wenzhong/zr/zr (121).bmp	14
wenzhong/zr/zr (122).bmp	14
wenzhong/zr/zr (123).bmp	14
wenzhong/zr/zr (124).bmp	14
wenzhong/zr/zr (125).bmp	14
wenzhong/zr/zr (126).bmp	14
wenzhong/zr/zr (127).bmp	14
wenzhong/zr/zr (128).bmp	14
wenzhong/zr/zr (129).bmp	14
wenzhong/zr/zr (13).bmp	14
wenzhong/zr/zr (130).bmp	14
wenzhong/zr/zr (131).bmp	14
wenzhong/zr/zr (132).bmp	14
wenzhong/zr/zr (133).bmp	14
wenzhong/zr/zr (134).bmp	14
wenzhong/zr/zr (135).bmp	14
wenzhong/zr/zr (136).bmp	14
wenzhong/zr/zr (137).bmp	14
wenzhong/zr/zr (138).bmp	14
wenzhong/zr/zr (139).bmp	14
wenzhong/zr/zr (14).bmp	14
wenzhong/zr/zr (140).bmp	14
wenzhong/zr/zr (141).bmp	14
wenzhong/zr/zr (142).bmp	14
wenzhong/zr/zr (143).bmp	14
wenzhong/zr/zr (144).bmp	14
wenzhong/zr/zr (145).bmp	14
wenzhong/zr/zr (146).bmp	14
wenzhong/zr/zr (147).bmp	14
wenzhong/zr/zr (148).bmp	14
wenzhong/zr/zr (149).bmp	14
wenzhong/zr/zr (15).bmp	14
wenzhong/zr/zr (150).bmp	14
wenzhong/zr/zr (151).bmp	14
wenzhong/zr/zr (152).bmp	14
wenzhong/zr/zr (153).bmp	14
wenzhong/zr/zr (154).bmp	14
wenzhong/zr/zr (155).bmp	14
wenzhong/zr/zr (156).bmp	14
wenzhong/zr/zr (157).bmp	14
wenzhong/zr/zr (158).bmp	14
wenzhong/zr/zr (159).bmp	14
wenzhong/zr/zr (16).bmp	14
wenzhong/zr/zr (160).bmp	14
wenzhong/zr/zr (161).bmp	14
wenzhong/zr/zr (162).bmp	14
wenzhong/zr/zr (163).bmp	14
wenzhong/zr/zr (164).bmp	14
wenzhong/zr/zr (165).bmp	14
wenzhong/zr/zr (166).bmp	14
wenzhong/zr/zr (167).bmp	14
wenzhong/zr/zr (168).bmp	14
wenzhong/zr/zr (169).bmp	14
wenzhong/zr/zr (17).bmp	14
wenzhong/zr/zr (170).bmp	14
wenzhong/zr/zr (171).bmp	14
wenzhong/zr/zr (172).bmp	14
wenzhong/zr/zr (173).bmp	14
wenzhong/zr/zr (174).bmp	14
wenzhong/zr/zr (175).bmp	14
wenzhong/zr/zr (176).bmp	14
wenzhong/zr/zr (177).bmp	14
wenzhong/zr/zr (178).bmp	14
wenzhong/zr/zr (179).bmp	14
wenzhong/zr/zr (18).bmp	14
wenzhong/zr/zr (180).bmp	14
wenzhong/zr/zr (181).bmp	14
wenzhong/zr/zr (182).bmp	14
wenzhong/zr/zr (183).bmp	14
wenzhong/zr/zr (184).bmp	14
wenzhong/zr/zr (185).bmp	14
wenzhong/zr/zr (186).bmp	14
wenzhong/zr/zr (187).bmp	14
wenzhong/zr/zr (188).bmp	14
wenzhong/zr/zr (189).bmp	14
wenzhong/zr/zr (19).bmp	14
wenzhong/zr/zr (190).bmp	14
wenzhong/zr/zr (191).bmp	14
wenzhong/zr/zr (192).bmp	14
wenzhong/zr/zr (193).bmp	14
wenzhong/zr/zr (194).bmp	14
wenzhong/zr/zr (195).bmp	14
wenzhong/zr/zr (196).bmp	14
wenzhong/zr/zr (197).bmp	14
wenzhong/zr/zr (198).bmp	14
wenzhong/zr/zr (199).bmp	14
wenzhong/zr/zr (2).bmp	14
wenzhong/zr/zr (20).bmp	14
wenzhong/zr/zr (200).bmp	14
wenzhong/zr/zr (201).bmp	14
wenzhong/zr/zr (202).bmp	14
wenzhong/zr/zr (203).bmp	14
wenzhong/zr/zr (204).bmp	14
wenzhong/zr/zr (205).bmp	14
wenzhong/zr/zr (206).bmp	14
wenzhong/zr/zr (207).bmp	14
wenzhong/zr/zr (208).bmp	14
wenzhong/zr/zr (209).bmp	14
wenzhong/zr/zr (21).bmp	14
wenzhong/zr/zr (210).bmp	14
wenzhong/zr/zr (211).bmp	14
wenzhong/zr/zr (212).bmp	14
wenzhong/zr/zr (213).bmp	14
wenzhong/zr/zr (214).bmp	14
wenzhong/zr/zr (215).bmp	14
wenzhong/zr/zr (216).bmp	14
wenzhong/zr/zr (217).bmp	14
wenzhong/zr/zr (218).bmp	14
wenzhong/zr/zr (219).bmp	14
wenzhong/zr/zr (22).bmp	14
wenzhong/zr/zr (220).bmp	14
wenzhong/zr/zr (221).bmp	14
wenzhong/zr/zr (222).bmp	14
wenzhong/zr/zr (223).bmp	14
wenzhong/zr/zr (224).bmp	14
wenzhong/zr/zr (225).bmp	14
wenzhong/zr/zr (226).bmp	14
wenzhong/zr/zr (227).bmp	14
wenzhong/zr/zr (228).bmp	14
wenzhong/zr/zr (229).bmp	14
wenzhong/zr/zr (23).bmp	14
wenzhong/zr/zr (230).bmp	14
wenzhong/zr/zr (231).bmp	14
wenzhong/zr/zr (232).bmp	14
wenzhong/zr/zr (233).bmp	14
wenzhong/zr/zr (234).bmp	14
wenzhong/zr/zr (235).bmp	14
wenzhong/zr/zr (236).bmp	14
wenzhong/zr/zr (237).bmp	14
wenzhong/zr/zr (238).bmp	14
wenzhong/zr/zr (239).bmp	14
wenzhong/zr/zr (24).bmp	14
wenzhong/zr/zr (240).bmp	14
wenzhong/zr/zr (241).bmp	14
wenzhong/zr/zr (242).bmp	14
wenzhong/zr/zr (243).bmp	14
wenzhong/zr/zr (244).bmp	14
wenzhong/zr/zr (245).bmp	14
wenzhong/zr/zr (246).bmp	14
wenzhong/zr/zr (247).bmp	14
wenzhong/zr/zr (248).bmp	14
wenzhong/zr/zr (249).bmp	14
wenzhong/zr/zr (25).bmp	14
wenzhong/zr/zr (250).bmp	14
wenzhong/zr/zr (251).bmp	14
wenzhong/zr/zr (252).bmp	14
wenzhong/zr/zr (253).bmp	14
wenzhong/zr/zr (254).bmp	14
wenzhong/zr/zr (255).bmp	14
wenzhong/zr/zr (256).bmp	14
wenzhong/zr/zr (257).bmp	14
wenzhong/zr/zr (258).bmp	14
wenzhong/zr/zr (26).bmp	14
wenzhong/zr/zr (27).bmp	14
wenzhong/zr/zr (28).bmp	14
wenzhong/zr/zr (29).bmp	14
wenzhong/zr/zr (3).bmp	14
wenzhong/zr/zr (30).bmp	14
wenzhong/zr/zr (31).bmp	14
wenzhong/zr/zr (32).bmp	14
wenzhong/zr/zr (33).bmp	14
wenzhong/zr/zr (34).bmp	14
wenzhong/zr/zr (35).bmp	14
wenzhong/zr/zr (36).bmp	14
wenzhong/zr/zr (37).bmp	14
wenzhong/zr/zr (38).bmp	14
wenzhong/zr/zr (39).bmp	14
wenzhong/zr/zr (4).bmp	14
wenzhong/zr/zr (40).bmp	14
wenzhong/zr/zr (41).bmp	14
wenzhong/zr/zr (42).bmp	14
wenzhong/zr/zr (43).bmp	14
wenzhong/zr/zr (44).bmp	14
wenzhong/zr/zr (45).bmp	14
wenzhong/zr/zr (46).bmp	14
wenzhong/zr/zr (47).bmp	14
wenzhong/zr/zr (48).bmp	14
wenzhong/zr/zr (49).bmp	14
wenzhong/zr/zr (5).bmp	14
wenzhong/zr/zr (50).bmp	14
wenzhong/zr/zr (51).bmp	14
wenzhong/zr/zr (52).bmp	14
wenzhong/zr/zr (53).bmp	14
wenzhong/zr/zr (54).bmp	14
wenzhong/zr/zr (55).bmp	14
wenzhong/zr/zr (56).bmp	14
wenzhong/zr/zr (57).bmp	14
wenzhong/zr/zr (58).bmp	14
wenzhong/zr/zr (59).bmp	14
wenzhong/zr/zr (6).bmp	14
wenzhong/zr/zr (60).bmp	14
wenzhong/zr/zr (61).bmp	14
wenzhong/zr/zr (62).bmp	14
wenzhong/zr/zr (63).bmp	14
wenzhong/zr/zr (64).bmp	14
wenzhong/zr/zr (65).bmp	14
wenzhong/zr/zr (66).bmp	14
wenzhong/zr/zr (67).bmp	14
wenzhong/zr/zr (68).bmp	14
wenzhong/zr/zr (69).bmp	14
wenzhong/zr/zr (7).bmp	14
wenzhong/zr/zr (70).bmp	14
wenzhong/zr/zr (71).bmp	14
wenzhong/zr/zr (72).bmp	14
wenzhong/zr/zr (73).bmp	14
wenzhong/zr/zr (74).bmp	14
wenzhong/zr/zr (75).bmp	14
wenzhong/zr/zr (76).bmp	14
wenzhong/zr/zr (77).bmp	14
wenzhong/zr/zr (78).bmp	14
wenzhong/zr/zr (79).bmp	14
wenzhong/zr/zr (8).bmp	14
wenzhong/zr/zr (80).bmp	14
wenzhong/zr/zr (81).bmp	14
wenzhong/zr/zr (82).bmp	14
wenzhong/zr/zr (83).bmp	14
wenzhong/zr/zr (84).bmp	14
wenzhong/zr/zr (85).bmp	14
wenzhong/zr/zr (86).bmp	14
wenzhong/zr/zr (87).bmp	14
wenzhong/zr/zr (88).bmp	14
wenzhong/zr/zr (89).bmp	14
wenzhong/zr/zr (9).bmp	14
wenzhong/zr/zr (90).bmp	14
wenzhong/zr/zr (91).bmp	14
wenzhong/zr/zr (92).bmp	14
wenzhong/zr/zr (93).bmp	14
wenzhong/zr/zr (94).bmp	14
wenzhong/zr/zr (95).bmp	14
wenzhong/zr/zr (96).bmp	14
wenzhong/zr/zr (97).bmp	14
wenzhong/zr/zr (98).bmp	14
wenzhong/zr/zr (99).bmp	14
wenzhong/zs/zs (1).bmp	15
wenzhong/zs/zs (10).bmp	15
wenzhong/zs/zs (11).bmp	15
wenzhong/zs/zs (12).bmp	15
wenzhong/zs/zs (13).bmp	15
wenzhong/zs/zs (14).bmp	15
wenzhong/zs/zs (15).bmp	15
wenzhong/zs/zs (16).bmp	15
wenzhong/zs/zs (17).bmp	15
wenzhong/zs/zs (18).bmp	15
wenzhong/zs/zs (19).bmp	15
wenzhong/zs/zs (2).bmp	15
wenzhong/zs/zs (20).bmp	15
wenzhong/zs/zs (21).bmp	15
wenzhong/zs/zs (22).bmp	15
wenzhong/zs/zs (23).bmp	15
wenzhong/zs/zs (24).bmp	15
wenzhong/zs/zs (25).bmp	15
wenzhong/zs/zs (26).bmp	15
wenzhong/zs/zs (27).bmp	15
wenzhong/zs/zs (28).bmp	15
wenzhong/zs/zs (29).bmp	15
wenzhong/zs/zs (3).bmp	15
wenzhong/zs/zs (30).bmp	15
wenzhong/zs/zs (31).bmp	15
wenzhong/zs/zs (32).bmp	15
wenzhong/zs/zs (33).bmp	15
wenzhong/zs/zs (34).bmp	15
wenzhong/zs/zs (35).bmp	15
wenzhong/zs/zs (36).bmp	15
wenzhong/zs/zs (37).bmp	15
wenzhong/zs/zs (38).bmp	15
wenzhong/zs/zs (39).bmp	15
wenzhong/zs/zs (4).bmp	15
wenzhong/zs/zs (40).bmp	15
wenzhong/zs/zs (41).bmp	15
wenzhong/zs/zs (42).bmp	15
wenzhong/zs/zs (43).bmp	15
wenzhong/zs/zs (44).bmp	15
wenzhong/zs/zs (45).bmp	15
wenzhong/zs/zs (46).bmp	15
wenzhong/zs/zs (47).bmp	15
wenzhong/zs/zs (48).bmp	15
wenzhong/zs/zs (49).bmp	15
wenzhong/zs/zs (5).bmp	15
wenzhong/zs/zs (50).bmp	15
wenzhong/zs/zs (51).bmp	15
wenzhong/zs/zs (52).bmp	15
wenzhong/zs/zs (53).bmp	15
wenzhong/zs/zs (54).bmp	15
wenzhong/zs/zs (55).bmp	15
wenzhong/zs/zs (56).bmp	15
wenzhong/zs/zs (57).bmp	15
wenzhong/zs/zs (58).bmp	15
wenzhong/zs/zs (59).bmp	15
wenzhong/zs/zs (6).bmp	15
wenzhong/zs/zs (60).bmp	15
wenzhong/zs/zs (61).bmp	15
wenzhong/zs/zs (62).bmp	15
wenzhong/zs/zs (63).bmp	15
wenzhong/zs/zs (64).bmp	15
wenzhong/zs/zs (65).bmp	15
wenzhong/zs/zs (66).bmp	15
wenzhong/zs/zs (67).bmp	15
wenzhong/zs/zs (68).bmp	15
wenzhong/zs/zs (69).bmp	15
wenzhong/zs/zs (7).bmp	15
wenzhong/zs/zs (70).bmp	15
wenzhong/zs/zs (71).bmp	15
wenzhong/zs/zs (72).bmp	15
wenzhong/zs/zs (73).bmp	15
wenzhong/zs/zs (74).bmp	15
wenzhong/zs/zs (75).bmp	15
wenzhong/zs/zs (76).bmp	15
wenzhong/zs/zs (77).bmp	15
wenzhong/zs/zs (78).bmp	15
wenzhong/zs/zs (79).bmp	15
wenzhong/zs/zs (8).bmp	15
wenzhong/zs/zs (80).bmp	15
wenzhong/zs/zs (81).bmp	15
wenzhong/zs/zs (9).bmp	15
